Date,Gas Flow_MMSCFD,Oil_bpd,Water_bpd,FWHP_psig,FroudeNumberGas6,FroudeNumberLiquid6,HoldupFractionLiquid6,ReynoldsNumber6,SuperficialVelocityGas6,SuperficialVelocityLiquid6,SurfaceTensionLiquidInSitu6,ViscosityLiquidInSitu6,FlowPatternGasLiquid6,FINAPRESS,FINATEMP
1/1/2020,1.910,435.6,4448.671236,5648.8,0.077474654,0.811018256,0.846674695,400672.817,0.493973644,2.575075492,0.013154175,0.273752026,4,2154.326558,212.3104274
1/2/2020,1.879,454.6,3954.486042,5598.4,0.073619915,0.74099629,0.842241494,363390.9517,0.468946827,2.352188767,0.012989048,0.274679366,4,2158.804733,210.8481748
1/3/2020,2.069,413.9,3566.119221,5540.8,0.091311483,0.667197558,0.796264909,347770.8458,0.57577836,2.112564293,0.012768587,0.276705791,4,2223.742996,208.9887198
1/4/2020,1.999,433.6,3202.437317,5517.9,0.084277684,0.619437378,0.79876304,316608.5334,0.527791899,1.957932355,0.012431966,0.277452194,4,2237.66823,207.5429468
1/5/2020,1.849,406.6,2936.977411,5426.7,0.078470744,0.566356926,0.794366927,291572.5797,0.502190889,1.799904275,0.013004054,0.279079351,4,2165.499059,206.1826695
1/6/2020,1.949,401.9,2673.923277,5378.2,0.085876204,0.524549831,0.767285087,278433.9191,0.544654952,1.663315216,0.012706596,0.280537725,4,2209.148221,204.4068567
1/7/2020,2.009,383.5,2436.400961,5335.4,0.092067732,0.482206581,0.740139941,264895.057,0.579678061,1.526245545,0.012497168,0.282538789,4,2248.239782,202.5665298
1/8/2020,1.959,376.3,2261.984489,5315.3,0.089487046,0.45383554,0.735091222,249121.667,0.561467432,1.435178494,0.012344987,0.283963867,4,2257.306242,201.2112121
1/9/2020,1.999,380.5,2072.342849,5253.9,0.092172395,0.425568921,0.71740665,237635.6231,0.576824954,1.344906037,0.012175328,0.285601622,4,2268.618902,199.4199181
1/10/2020,1.860,364.8,1932.983789,5208.1,0.08489237,0.398639274,0.720612254,220512.3104,0.536883893,1.263159087,0.012416024,0.28739433,4,2224.898976,198.028386
1/11/2020,1.920,372.5,1807.065175,5185.0,0.088122218,0.382493904,0.706390153,213967.9426,0.551147068,1.208592645,0.012017778,0.288434075,4,2262.644341,196.5917114
1/12/2020,1.931,352.3,1672.254217,5126.5,0.091350893,0.354695054,0.683185433,205518.5198,0.572063623,1.121116312,0.01205856,0.290839475,4,2268.631871,194.6926663
1/13/2020,1.881,358.4,1569.621156,5052.6,0.08807715,0.339717497,0.681334857,195975.1097,0.557092881,1.076487759,0.012199744,0.292151802,4,2224.693024,193.2575198
1/14/2020,1.812,321.7,1484.558057,5031.4,0.087081661,0.315296722,0.667764636,186624.8787,0.55260691,0.999925119,0.012402169,0.29481611,4,2223.5481,191.7000613
1/15/2020,1.752,328.2,1388.716134,4970.7,0.082934823,0.302074891,0.669321661,176616.9488,0.529947993,0.959643017,0.012448357,0.296221449,4,2185.721539,190.1151693
1/16/2020,1.783,322.9,1293.956931,4917.7,0.085793879,0.285773481,0.650130524,171625.5105,0.546876382,0.90730575,0.012324059,0.298159506,4,2196.750231,188.2328654
1/17/2020,1.784,299.7,1222.313936,4905.2,0.087927178,0.268144535,0.631044992,166345.902,0.557470723,0.850196539,0.012246848,0.3007826,4,2225.586109,186.5357715
1/18/2020,1.725,305.8,1174.962161,4819.2,0.084163998,0.26134502,0.633716219,160621.0752,0.542818271,0.832144799,0.012598995,0.302154856,4,2154.465312,185.4368109
1/19/2020,1.716,309.0,1086.193847,4784.9,0.083400501,0.249199171,0.626726556,152966.9717,0.53465623,0.79229925,0.012280054,0.304317614,4,2163.15104,183.3517611
1/20/2020,1.757,295.4,1057.398911,4776.0,0.087264475,0.240946051,0.608619544,153075.9961,0.556541511,0.765081848,0.012205798,0.305821606,4,2192.77457,182.4462543
1/21/2020,1.718,282.0,983.0491173,4754.7,0.085816916,0.226109487,0.599213848,145053.0773,0.54498943,0.717212872,0.012063631,0.308866581,4,2202.915946,180.233675
1/22/2020,1.769,300.7,944.6851703,4675.0,0.088234945,0.224891271,0.590535318,145529.8607,0.563129951,0.714228169,0.011995425,0.309178437,4,2175.725672,179.2600631
1/23/2020,1.721,293.6,900.9061294,4653.7,0.08571108,0.216258898,0.589014564,139546.7422,0.547441545,0.686943022,0.011973912,0.311190869,4,2165.671125,177.7660214
1/24/2020,1.682,273.6,869.3606827,4596.0,0.085173117,0.204836487,0.575980187,136112.0064,0.551171975,0.652748806,0.012392486,0.314204493,4,2133.406664,176.2788828
1/25/2020,1.743,285.7,827.739911,4582.8,0.088248825,0.202599753,0.566670135,135616.523,0.56350324,0.643513428,0.011867001,0.314441646,4,2166.72647,175.1137555
1/26/2020,1.745,279.0,776.7712581,4533.0,0.089233504,0.192797376,0.552282247,132170.7588,0.570067656,0.612451923,0.011804433,0.316952393,4,2163.616103,173.0752028
1/27/2020,1.776,278.4,749.2134828,4488.7,0.091705205,0.188109178,0.539091032,132265.2418,0.586955657,0.597835318,0.011783506,0.318149785,4,2158.669852,171.9737384
1/28/2020,1.698,271.9,709.8524135,4431.0,0.087434478,0.179877215,0.539691304,125374.4718,0.565916911,0.573238857,0.011973803,0.321477978,4,2112.808475,170.0150624
1/29/2020,1.819,260.5,676.4973615,4397.6,0.096489334,0.17162374,0.503728396,129658.377,0.617773423,0.545485375,0.011749092,0.323685358,4,2163.304415,168.5419569
1/30/2020,1.711,254.3,641.9780796,4371.8,0.089871712,0.164785528,0.512455734,120822.6324,0.578947187,0.524540226,0.01181349,0.326968445,4,2126.838423,166.537461
1/31/2020,1.723,247.1,617.1421722,4381.4,0.091024514,0.159511672,0.503034163,118954.7431,0.580088512,0.506407517,0.011546787,0.328774418,4,2159.589595,165.2382099
2/1/2020,1.655,253.1,625.852882,4336.4,0.086501179,0.161706649,0.517000827,116829.0967,0.562383192,0.515888852,0.011975217,0.328723206,4,2088.899397,165.5176608
2/2/2020,1.757,250.2,589.9871911,4273.9,0.0939166,0.155334927,0.486196546,120141.3791,0.607135815,0.494881066,0.011755001,0.330721734,4,2111.406674,163.8112201
2/3/2020,1.599,253.4,581.4341879,4267.7,0.083231648,0.154779735,0.516265846,110611.7894,0.545513095,0.494745099,0.011972526,0.332292138,4,2044.853213,162.9335411
2/4/2020,1.681,235.6,536.0936562,4197.1,0.090278302,0.143001541,0.476130482,112126.6002,0.588385214,0.456484129,0.011874323,0.336845139,4,2071.476051,160.0669208
2/5/2020,1.663,226.0,518.8748535,4187.8,0.089708312,0.137885548,0.469423087,109705.8171,0.583689633,0.439975601,0.011873025,0.339311744,4,2075.909948,158.6906777
2/6/2020,1.755,208.4,501.6954499,4138.9,0.097243663,0.130001864,0.433316662,114568.0525,0.632140045,0.414728427,0.012038261,0.342340966,4,2100.439534,157.405018
2/7/2020,1.607,234.0,477.4806034,4104.5,0.086019185,0.133624118,0.472715046,103643.7018,0.564778367,0.427301299,0.011752589,0.342619021,4,2017.241039,155.8295402
2/8/2020,1.699,234.6,462.1621525,4094.4,0.092206874,0.131824487,0.452747423,107356.5039,0.597531897,0.420226465,0.011367149,0.342536682,4,2059.492355,155.278916
2/9/2020,1.561,225.3,472.6779087,4039.7,0.08395414,0.129761902,0.469063156,101746.5835,0.561904523,0.416817149,0.012312008,0.345852678,4,1959.171319,154.8206892
2/10/2020,1.684,215.1,443.9710354,4040.4,0.092687308,0.123426544,0.43411075,105739.0034,0.605556137,0.394226972,0.011722104,0.347948849,4,2040.568721,153.1895035
2/11/2020,1.586,193.9,415.9895015,4015.5,0.087399681,0.113603904,0.429729057,97765.65453,0.573407429,0.36321558,0.011948094,0.355810051,4,2019.694786,149.7661525
2/12/2020,1.719,199.8,429.6855983,3948.9,0.096470275,0.116469463,0.407043716,108243.3235,0.639287669,0.373257314,0.012224634,0.352237283,4,2007.027287,151.6195801
2/13/2020,1.631,190.8,394.0155136,3942.7,0.091020058,0.109278198,0.409249872,99309.03484,0.599030611,0.349644402,0.011939266,0.358482741,4,2004.696907,148.0186296
2/14/2020,1.614,184.9,399.9389534,3918.9,0.090322591,0.108240058,0.40703933,99499.02829,0.600907694,0.347202355,0.012345045,0.359583783,4,1978.795847,148.0926159
2/15/2020,1.656,186.0,393.418806,3860.4,0.093517279,0.107239573,0.394413098,102385.9002,0.626858258,0.34459155,0.012467971,0.359974517,4,1955.943698,147.721799
2/16/2020,1.509,183.2,358.4208436,3829.2,0.084057749,0.101577224,0.410508937,90452.24771,0.566143484,0.326753396,0.012308787,0.367066283,4,1906.100255,143.4713712
2/17/2020,1.582,200.5,348.9134553,3829.4,0.088057962,0.105076246,0.408632387,93389.16176,0.584955407,0.336935077,0.011607216,0.363054584,4,1933.222276,143.8797732
2/18/2020,1.525,171.8,332.8674096,3806.9,0.085753707,0.095090765,0.391546332,88982.1969,0.571707077,0.305171541,0.012062629,0.372407685,4,1928.166356,140.6580962
2/19/2020,1.657,204.2,353.2556413,3741.8,0.093771756,0.105917011,0.39534746,99663.87706,0.634157992,0.341030711,0.012001181,0.361820044,3,1889.903931,144.713274
2/20/2020,1.510,173.6,323.05306,3749.0,0.085119815,0.093875087,0.391206818,87782.15947,0.573569866,0.302009985,0.012173372,0.374629263,3,1886.066638,139.4626305
2/21/2020,1.503,197.1,304.2363792,3689.5,0.084033637,0.097100093,0.402281513,86071.33703,0.568949725,0.312722836,0.011618944,0.372859538,3,1840.211325,138.3786087
2/22/2020,1.546,193.7,324.8,3666.3,0.087395749,0.098706625,0.398589518,91193.45182,0.600180037,0.318909325,0.012247247,0.370242506,3,1822.64774,140.5800004
2/23/2020,1.449,168.3,310.7,3627.4,0.082250452,0.08993206,0.394922271,84336.15193,0.571849604,0.291345839,0.012894771,0.381349678,3,1783.204345,137.0040993
2/24/2020,1.482,184.9,292.9,3614.9,0.083790324,0.091885006,0.3966938,84301.14024,0.575718429,0.296903525,0.012059832,0.379067652,3,1794.321966,136.1795402
2/25/2020,1.505,174.6,296.4,3602.6,0.085908826,0.089655658,0.388755933,86029.62119,0.592128176,0.289900405,0.012395826,0.38060264,3,1797.374447,136.2394998
2/26/2020,1.509,176.4,283.2,3540.6,0.086612546,0.087996337,0.38734347,85421.52874,0.601541214,0.285009373,0.01238049,0.382905641,3,1763.372026,134.6856438
2/27/2020,1.602,154.2,280.3,3560.9,0.093631145,0.082083623,0.362565581,89922.2741,0.640819453,0.265002457,0.012520409,0.386006595,3,1829.223731,134.2825411
2/28/2020,1.565,154.0,251.7,3487.5,0.091735579,0.078003684,0.362206181,85182.74349,0.629653347,0.251991361,0.012213976,0.39210706,3,1787.75606,130.3304523
2/29/2020,1.518,181.9,261.3,3473.4,0.087567591,0.086134247,0.385739315,84189.70323,0.609761963,0.279136206,0.012035874,0.3851567,3,1733.438437,132.3456968
3/1/2020,1.402,161.8,250.1,3480.6,0.080328026,0.079534488,0.387598887,76099.01761,0.560230767,0.257835989,0.012353417,0.395672382,3,1717.379923,128.6287486
3/2/2020,1.555,159.8,249.2,3417.0,0.091466506,0.078755608,0.367333063,85291.56053,0.639610199,0.255457247,0.012476298,0.392227139,3,1727.489892,129.9548454
3/3/2020,1.379,144.8,249.5,3386.7,0.080311057,0.074566655,0.382282211,75721.96579,0.576759686,0.243230781,0.013477951,0.403332401,3,1645.188326,126.9654289
3/4/2020,1.542,156.9,234.0,3399.7,0.090826721,0.07600448,0.364596963,82869.01659,0.63172817,0.246247048,0.012188897,0.395571902,3,1726.615305,127.7029077
3/5/2020,1.466,151.0,240.6,3356.0,0.086296846,0.074955349,0.372772924,79970.27724,0.615647147,0.244162336,0.013019883,0.400008647,3,1660.848453,127.1118837
3/6/2020,1.369,168.1,221.5,3332.4,0.079226514,0.07633086,0.392034123,72631.36821,0.566570735,0.248767699,0.012284476,0.403177259,3,1614.780352,124.2874302
3/7/2020,1.443,135.2,214.5,3321.2,0.08549915,0.067557211,0.361930914,75254.11633,0.604933635,0.219681839,0.012803584,0.412515862,3,1660.671617,122.180441
3/8/2020,1.367,141.4,233.7,3282.2,0.080667957,0.071084677,0.380325103,74255.58341,0.591401502,0.232845954,0.013799112,0.410700253,3,1576.053949,124.1110855
3/9/2020,1.480,161.7,223.1,3259.4,0.08799819,0.074762061,0.374642399,79990.28673,0.637038149,0.244268199,0.012759157,0.40150653,3,1601.050328,125.2500047
3/10/2020,1.394,147.9,210.6,3265.9,0.082331346,0.069777822,0.37612813,72950.12034,0.593173592,0.227760688,0.012770931,0.412224921,3,1595.76134,121.558065
3/11/2020,1.398,127.2,207.3,3204.6,0.083961493,0.063978065,0.364103856,73204.65944,0.615545503,0.209567305,0.013744254,0.42190592,3,1558.956533,119.4522486
3/12/2020,1.422,121.6,218.1,3223.6,0.085615521,0.064055099,0.359727991,75746.76885,0.629062706,0.20991222,0.014199446,0.42021946,3,1572.32899,121.0718738
3/13/2020,1.486,132.9,201.0,3207.8,0.089873722,0.064723942,0.354579365,77476.26141,0.649866968,0.211421276,0.013114052,0.416690825,3,1594.921685,120.1574429
3/14/2020,1.509,157.3,202.1,3162.2,0.091345496,0.070520739,0.365815647,80186.20144,0.668864302,0.230942334,0.012720528,0.407728946,3,1554.771633,122.024992
3/15/2020,1.423,135.7,173.3,3136.9,0.086167363,0.061552715,0.360263722,71154.97584,0.624048599,0.201126978,0.012440221,0.424857514,3,1545.371576,114.8080414
3/16/2020,1.437,121.2,198.6,3136.8,0.087644429,0.061135172,0.355176979,75199.44787,0.650804804,0.200761088,0.014088281,0.425928471,3,1524.752095,117.8925826
3/17/2020,1.301,146.7,197.0,3098.9,0.077851661,0.0664136,0.388338881,68321.2996,0.590763564,0.219005894,0.013768369,0.424397317,3,1438.966067,117.2961477
3/18/2020,1.386,127.2,192.5,3098.2,0.084353938,0.061562504,0.36497487,72071.14173,0.632952025,0.202574595,0.014007839,0.428182048,3,1480.810004,116.4267623
3/19/2020,1.390,122.7,160.2,3049.7,0.085238537,0.056340024,0.356559243,68285.04024,0.629507627,0.184816845,0.012977617,0.437885674,3,1479.366567,110.5771739
3/20/2020,1.274,127.3,186.9,3058.4,0.076963814,0.060407713,0.380566473,65588.64953,0.588054904,0.19945817,0.014341406,0.436227597,3,1413.899543,113.6380698
3/21/2020,1.338,129.8,170.7,3043.4,0.081463871,0.059112924,0.369969929,67163.16664,0.612092901,0.194564628,0.01343235,0.435528715,3,1442.163102,112.0459694
3/22/2020,1.392,136.5,155.6,2979.5,0.085981173,0.058592967,0.364390153,69309.94625,0.647680242,0.192947225,0.012829688,0.434298731,3,1421.7258,110.5657479
3/23/2020,1.437,137.1,159.6,2968.9,0.089404706,0.059240123,0.35943269,72823.76977,0.676611484,0.195251285,0.01302967,0.430542003,3,1422.544976,111.9918233
3/24/2020,1.281,138.8,151.7,2967.4,0.078121963,0.058235017,0.380931273,62628.3269,0.594449501,0.192135822,0.012857999,0.442357043,3,1377.067806,108.100241
3/25/2020,1.245,120.4,141.9,2932.2,0.076514225,0.052618839,0.375082641,59089.53767,0.584808554,0.173750828,0.013266323,0.45741044,3,1351.597642,103.80363
3/26/2020,1.250,136.1,145.1,2940.1,0.076339457,0.056560166,0.383409087,60285.88858,0.584152978,0.186805927,0.01285788,0.448259759,3,1351.363176,105.9236472
3/27/2020,1.324,138.9,145.5,2915.3,0.081976182,0.057312066,0.374323951,65044.39961,0.629196855,0.189396345,0.012836945,0.442264666,3,1355.442889,107.4404007
3/28/2020,1.408,121.6,143.9,2902.6,0.088682273,0.053386871,0.35333692,69266.78827,0.677426664,0.17626827,0.013261063,0.445319681,3,1380.177565,107.1592537
3/29/2020,1.373,105.4,136.3,2880.1,0.086834577,0.048569968,0.348151817,65871.7814,0.665037653,0.1604419,0.013690807,0.458775775,3,1362.834093,103.5276988
3/30/2020,1.297,103.2,151.9,2859.8,0.08184406,0.04965341,0.361143866,64157.7039,0.648051127,0.165013217,0.015117184,0.463056406,3,1299.529459,104.7055213
3/31/2020,1.372,126.0,139.5,2811.6,0.087466743,0.053235604,0.361065514,68319.27195,0.690211159,0.176811232,0.013687022,0.449913482,3,1295.791223,105.4968771
4/1/2020,1.367,104.8,121.1,2815.7,0.087405619,0.046341175,0.347190114,64356.52148,0.672866431,0.153225571,0.013264357,0.463829531,3,1326.270183,99.95586402
4/2/2020,1.371,108.7,135.9,2802.9,0.087875387,0.048907557,0.351774324,67199.9933,0.692810306,0.162410518,0.014212268,0.459916841,3,1296.664013,103.2111227
4/3/2020,1.216,103.5,142.7,2781.3,0.077191955,0.048011469,0.373459134,59535.69059,0.628170388,0.160310259,0.015508942,0.474511282,3,1213.521045,100.9190259
4/4/2020,1.201,107.4,129.5,2745.9,0.076429605,0.047075889,0.376323571,57350.09873,0.621251497,0.15715589,0.014815948,0.478913115,3,1193.988801,98.03485542
4/5/2020,1.205,100.3,123.4,2719.6,0.077236974,0.044719626,0.371360012,56677.03187,0.628925449,0.149334334,0.014901824,0.486461713,3,1182.806996,95.9271273
4/6/2020,1.280,126.2,111.3,2753.5,0.081472803,0.049358581,0.370793762,59847.15105,0.63990535,0.163797878,0.012507373,0.463059012,3,1250.173258,97.72425521
4/7/2020,1.205,116.2,126.3,2722.6,0.076916411,0.048459898,0.380039159,57906.72325,0.6286257,0.161924339,0.014426647,0.4751585,3,1178.051745,98.13527844
4/8/2020,1.310,115.1,141.4,2696.9,0.085272518,0.050220664,0.365817496,66903.44171,0.709660082,0.168309094,0.015459221,0.464331308,3,1178.557685,103.0292971
4/9/2020,1.305,120.1,129.5,2700.3,0.084595597,0.049898633,0.367250951,64817.55599,0.693385042,0.166812011,0.014435977,0.464283878,3,1192.884899,101.0711559
4/10/2020,1.280,102.1,124.6,2654.8,0.083930087,0.045145443,0.361769211,62680.48559,0.697846414,0.15127748,0.015320429,0.479860052,3,1155.687539,97.5470544
4/11/2020,1.254,106.1,115.8,2622.5,0.082472709,0.044730819,0.366752779,60456.24082,0.688587947,0.149989094,0.01483045,0.48399782,3,1129.757721,95.31139796
4/12/2020,1.239,118.1,126.0,2608.4,0.08162901,0.048246575,0.376073669,62355.77144,0.697018829,0.162353894,0.0153094,0.475929196,3,1096.634609,98.27317001
4/13/2020,1.244,120.1,107.3,2619.4,0.081417884,0.046630147,0.373945111,59286.54066,0.674186112,0.156148095,0.013660365,0.47808865,3,1131.275505,94.61707824
4/14/2020,1.259,91.2,124.6,2601.6,0.083613082,0.042483638,0.360010043,62054.01023,0.712544117,0.142916955,0.016455788,0.49179976,3,1104.92335,95.67673305
4/15/2020,1.315,95.3,111.0,2583.9,0.087894194,0.041883716,0.351856996,63551.69457,0.7358788,0.140504633,0.015145661,0.487603744,3,1129.288882,94.28841529
4/16/2020,1.160,83.3,114.4,2574.4,0.076837764,0.039182114,0.370569974,54631.68442,0.660265163,0.131979943,0.016654526,0.513483759,3,1056.223344,90.15598415
4/17/2020,1.315,85.4,100.8,2542.0,0.088801614,0.038407523,0.345835488,62160.9254,0.745133936,0.128889266,0.015172195,0.498526993,3,1110.217154,90.70374385
4/18/2020,1.320,96.5,102.3,2529.7,0.089321284,0.040905072,0.350914719,63627.10531,0.755084371,0.137432854,0.014854508,0.490322054,3,1098.467848,92.27743161
4/19/2020,1.265,86.6,105.8,2521.6,0.085517256,0.039001635,0.354902279,60567.19878,0.733448701,0.131333496,0.015924913,0.503468667,3,1067.356107,90.66476089
4/20/2020,1.180,106.8,113.3,2488.7,0.079739912,0.043517111,0.378830565,58742.9138,0.70946587,0.147344833,0.016244156,0.499381597,3,993.2386861,92.33745655
4/21/2020,1.155,83.9,113.8,2482.9,0.078330076,0.038798487,0.37251371,56332.84399,0.70096434,0.131477546,0.017640053,0.518289118,3,979.3787855,89.33874735
4/22/2020,1.271,73.1,109.4,2457.2,0.087534724,0.036302526,0.348333958,62522.78108,0.776968047,0.12287451,0.017817777,0.51543579,3,1012.681647,89.67806806
4/23/2020,1.206,85.3,92.1,2435.6,0.082807885,0.036589713,0.362383724,56594.51842,0.726706545,0.123640081,0.015769871,0.518366133,3,993.4473886,85.21277042
4/24/2020,1.141,86.4,86.7,2448.2,0.077489106,0.036042254,0.37310535,51499.96733,0.674885719,0.121652241,0.01521531,0.527745225,3,984.4348369,82.38488466
4/25/2020,1.087,81.6,106.4,2412.9,0.074759118,0.036875172,0.382376144,52615.97113,0.689645381,0.12549151,0.018129532,0.535832834,3,902.0523444,85.15738864
4/26/2020,1.162,80.8,87.1,2435.7,0.079433071,0.034966616,0.366916278,52690.60727,0.694144265,0.118081059,0.015612619,0.530332107,3,983.1995418,82.28210873
4/27/2020,1.247,93.1,111.8,2398.7,0.087071873,0.040377705,0.361209534,64149.44184,0.797720758,0.137281735,0.017485522,0.505790897,3,953.3172337,91.52408294
4/28/2020,1.113,90.3,93.6,2387.8,0.076866045,0.037157215,0.380528432,52749.06801,0.700239654,0.126233234,0.016482207,0.531359003,3,911.698617,83.44699742
4/29/2020,1.228,78.5,80.4,2349.0,0.086450435,0.033604095,0.354537574,57289.78368,0.770796448,0.113815022,0.015660073,0.528816888,3,951.1351328,81.45593846
4/30/2020,1.244,93.8,81.2,2375.4,0.086891652,0.036956124,0.359047491,58931.70415,0.766427663,0.12497188,0.014658788,0.511143097,3,975.3063434,84.07132021
5/1/2020,1.219,96.0,105.1,2333.8,0.086479279,0.039734651,0.365336587,63189.25893,0.811519855,0.135533123,0.017530004,0.512527629,3,899.5767546,89.23274123
5/2/2020,1.225,79.3,89.9,2338.4,0.086641996,0.034746173,0.356182331,59338.96496,0.790460979,0.118066421,0.016832017,0.527756927,3,927.1567895,83.80755427
5/3/2020,1.091,99.6,102.8,2321.1,0.077012868,0.039492651,0.388027474,55696.67464,0.738725757,0.135091522,0.017851275,0.527824828,3,835.3237591,85.85491955
5/4/2020,1.106,82.9,70.7,2291.9,0.078234839,0.032659454,0.376164102,50095.17437,0.715579627,0.111014933,0.015311771,0.547903977,3,868.4230169,75.64753135
5/5/2020,1.192,91.2,98.6,2316.9,0.084774524,0.037844577,0.367001664,60527.78956,0.796815355,0.129113823,0.017457844,0.521510639,3,883.8546532,86.36012597
5/6/2020,1.177,74.5,88.6,2310.9,0.083668462,0.033344026,0.361605096,56511.75037,0.776360415,0.11356441,0.017487302,0.541876435,3,887.2968684,81.43675708
5/7/2020,1.083,88.8,100.6,2289.1,0.077264216,0.036965648,0.384407698,54922.59798,0.750549786,0.126648352,0.018657408,0.541162343,3,810.6096662,83.66660163
5/8/2020,1.129,81.1,90.6,2256.3,0.081429531,0.034409859,0.372018152,56017.3607,0.784609713,0.117771972,0.018183745,0.546683485,3,820.7907648,81.15567516
5/9/2020,1.164,88.5,66.6,2260.7,0.083418242,0.033397028,0.36790585,54068.35308,0.763282071,0.113528071,0.01463704,0.534488633,3,875.0813755,76.70217862
5/10/2020,1.040,78.8,90.6,2220.2,0.075637362,0.033385895,0.386299923,51609.86759,0.753017506,0.114726313,0.019170734,0.566740209,3,750.8674225,78.23100274
5/11/2020,1.086,94.2,96.6,2240.8,0.078656612,0.037296284,0.384573731,56048.20846,0.777531124,0.128054715,0.018441325,0.541332402,3,780.3413555,83.06291396
5/12/2020,1.172,95.5,74.7,2182.5,0.08638686,0.03520887,0.36783473,58759.80047,0.835545753,0.120564301,0.016124454,0.535331507,3,805.078047,79.46815398
5/13/2020,1.128,81.9,68.8,2206.4,0.082198162,0.031918003,0.37060377,53241.12426,0.779591997,0.109022543,0.015981065,0.551529831,3,814.6081176,75.08354671
5/14/2020,1.133,68.3,68.9,2211.3,0.082581822,0.029338887,0.364029674,52430.03636,0.779309046,0.100147531,0.016735639,0.563205822,3,821.5258352,73.53101299
5/15/2020,1.079,74.7,74.0,2178.3,0.079366435,0.030745144,0.375943364,51566.63872,0.777119255,0.105439637,0.017635798,0.570009666,3,762.7989918,73.96157267
5/16/2020,1.135,90.1,62.1,2161.4,0.08382719,0.032540034,0.371357325,54486.82646,0.803203749,0.111293251,0.015118469,0.544694826,3,792.663537,74.1690355
5/17/2020,1.021,67.5,59.3,2166.6,0.074771818,0.027500086,0.383389152,44981.9523,0.718711181,0.094093507,0.016313096,0.591899892,3,751.3079925,66.947498
5/18/2020,1.027,79.9,78.5,2164.0,0.075832662,0.031889145,0.387370202,50183.06908,0.76229731,0.109708169,0.018361704,0.575751031,3,719.5978466,74.31112924
5/19/2020,1.063,84.3,68.6,2093.4,0.080411355,0.031422589,0.379823706,52830.17274,0.818524456,0.108260227,0.017457105,0.572064287,3,699.7004786,72.67789817
5/20/2020,1.129,77.7,85.8,2096.9,0.086101372,0.032429205,0.365718738,59992.83831,0.892636498,0.111959104,0.019779232,0.56285116,3,709.5399617,78.54234606
5/21/2020,1.065,59.2,62.0,2079.5,0.080925169,0.026011672,0.369637993,49804.7207,0.814549362,0.089501549,0.018242199,0.601699155,3,701.7580425,67.3675648
5/22/2020,1.011,63.6,60.3,2116.2,0.075468743,0.026582706,0.382684007,45590.61769,0.748633194,0.091308653,0.017429238,0.604768336,3,705.8654906,66.05166206
5/23/2020,1.097,71.1,67.5,2077.1,0.083661257,0.028952566,0.368262638,54084.51037,0.85026508,0.09973223,0.018129432,0.580406141,3,706.3712782,71.55545228
5/24/2020,1.103,65.5,62.8,2074.0,0.084122689,0.027421701,0.365049811,53030.13417,0.845940691,0.094342865,0.017779602,0.585830905,3,714.471674,69.61105718
5/25/2020,0.999,59.0,76.0,2063.9,0.076681198,0.027117092,0.381209998,49426.68204,0.813770702,0.09385741,0.021073918,0.616844396,3,634.4184951,69.31364809
5/26/2020,1.085,89.5,74.3,2075.0,0.082906737,0.03299606,0.376660749,56374.23367,0.859306225,0.113913026,0.018081997,0.56462875,3,688.4287324,75.48522155
5/27/2020,0.952,64.9,69.6,2064.2,0.072703807,0.027280974,0.393060086,45640.66827,0.768281444,0.0943817,0.019873946,0.62350268,3,620.5881069,66.82905402
5/28/2020,1.108,73.4,72.9,2039.5,0.085961993,0.029819493,0.365413948,57597.22353,0.900344874,0.103064964,0.019182409,0.577599438,3,676.6345315,73.50046321
5/29/2020,1.074,83.9,51.2,2021.8,0.083017264,0.029178453,0.375297623,52400.1553,0.844244822,0.100517513,0.015600195,0.573163668,3,680.4922807,67.45304768
5/30/2020,0.970,51.4,50.5,1982.2,0.07610385,0.022510025,0.38183915,44125.11105,0.799632665,0.077828167,0.018517125,0.644617165,3,604.499944,59.15233631
5/31/2020,1.136,72.9,63.9,1995.8,0.089443303,0.028675946,0.358627154,58841.29115,0.936925988,0.099113899,0.0182363,0.577426565,3,671.8757772,71.50581404
6/1/2020,1.113,58.4,47.2,1956.4,0.088563016,0.023973959,0.356532349,53982.09697,0.912141371,0.082707412,0.016879529,0.595018841,3,662.0947311,63.73218278
6/2/2020,0.959,79.9,63.6,1953.1,0.076603016,0.028770605,0.391146524,49678.47879,0.852736806,0.100066874,0.019325818,0.61707129,3,556.8681408,66.67851599
6/3/2020,1.015,73.4,52.9,1983.8,0.079639705,0.026967603,0.380872002,49311.95331,0.837695561,0.093251173,0.017151191,0.603537144,3,623.6914438,64.46778871
6/4/2020,1.112,46.0,60.3,1925.7,0.089995003,0.022889461,0.349910257,56685.98537,0.976475377,0.079408188,0.020910015,0.623000175,3,615.5558235,65.63488961
6/5/2020,1.068,59.5,69.7,1915.6,0.087111795,0.026161526,0.361148752,57823.33123,0.979297872,0.09107883,0.021687364,0.615785246,3,576.8912629,68.89788289
6/6/2020,0.934,69.0,45.1,1958.7,0.073612806,0.02480715,0.395126765,43393.70823,0.782422415,0.085876434,0.016748639,0.629726103,3,578.6873956,58.63993021
6/7/2020,0.921,58.6,43.5,1903.8,0.074442635,0.022465527,0.391302654,43052.19794,0.814640979,0.078004896,0.017895753,0.65481715,3,537.7942324,55.93041112
6/8/2020,0.927,82.1,47.9,1902.9,0.075060576,0.02700672,0.39666515,46563.33335,0.837203577,0.093949832,0.017349917,0.625635355,3,530.0168135,60.79537125
6/9/2020,1.023,60.7,48.4,1896.2,0.083336878,0.023813615,0.370433797,50848.55157,0.908835126,0.082656961,0.01825532,0.624415448,3,575.8505301,61.10052143
6/10/2020,0.920,52.2,48.8,1869.5,0.075882776,0.021728497,0.386224723,44537.76271,0.860947621,0.075711891,0.020001245,0.674618798,3,503.9527891,56.44445311
6/11/2020,1.056,53.8,48.2,1866.9,0.087218327,0.02257462,0.360181678,53340.13873,0.959870194,0.078428179,0.018929464,0.627978725,3,572.3431557,61.00615663
6/12/2020,1.043,58.4,73.7,1852.4,0.087762252,0.026005819,0.360447866,60044.00318,1.038164164,0.090960173,0.023462897,0.627417498,3,519.2422245,68.91888413
6/13/2020,0.949,42.9,51.2,1879.0,0.078077606,0.020499327,0.377252822,45639.34253,0.880112892,0.07138489,0.021111044,0.6800546,3,519.5213831,56.82222368
6/14/2020,0.916,64.5,49.6,1830.6,0.077019695,0.023740558,0.387768243,47053.43777,0.900694039,0.082952878,0.01975117,0.663674828,3,476.0952516,58.17206028
6/15/2020,0.932,50.1,49.1,1829.3,0.078426019,0.02127052,0.379994062,46603.34421,0.910882655,0.074276519,0.020749382,0.679913075,3,483.649987,56.43743772
6/16/2020,1.019,79.7,62.6,1826.1,0.086345746,0.028285711,0.369810653,58413.73938,1.019787577,0.098920766,0.020390592,0.615928143,3,507.5707685,67.64540082
6/17/2020,0.936,60.3,36.1,1800.9,0.079193834,0.021596344,0.382585057,46487.18531,0.901562491,0.075275378,0.017302835,0.651536155,3,492.1339534,53.75969816
6/18/2020,0.912,49.9,59.6,1833.9,0.077167903,0.022247282,0.382527666,47872.56948,0.924968016,0.077902755,0.023129563,0.686470131,3,458.2841413,59.1359667
6/19/2020,0.979,75.5,43.1,1826.8,0.082045144,0.02528237,0.379138546,51019.47296,0.933055789,0.088114686,0.017353594,0.624688314,3,516.2240355,59.69011082
6/20/2020,0.865,48.1,36.6,1799.9,0.073399161,0.01914246,0.393557787,40961.26887,0.850232626,0.066829233,0.018864665,0.699173542,3,453.0978042,49.79465609
6/21/2020,1.052,46.7,66.1,1795.0,0.090587579,0.022858005,0.351397962,60291.55903,1.091566442,0.080077188,0.024228136,0.649906261,3,495.3058136,65.0043538
6/22/2020,0.899,64.3,61.7,1802.2,0.07746838,0.024735127,0.386256386,50298.78063,0.955950948,0.086823835,0.022735568,0.671227263,3,431.9698302,61.36744141
6/23/2020,0.865,50.9,64.2,1769.5,0.076236958,0.02238281,0.385435937,49176.37768,0.97763692,0.078803231,0.025357273,0.706671038,3,388.5955277,59.0682264
6/24/2020,0.902,65.6,67.8,1739.8,0.080754147,0.025342374,0.378366658,55369.66597,1.050612004,0.089318769,0.024556795,0.671372688,3,391.2330681,63.42996702
6/25/2020,1.009,39.2,39.3,1757.2,0.087482973,0.01838668,0.357444348,51142.94222,1.012140465,0.064183573,0.019951821,0.671830889,3,494.4872275,54.02905534
6/26/2020,1.036,57.8,60.9,1754.7,0.090809963,0.024008154,0.354437327,60667.01569,1.11135938,0.084215276,0.022799665,0.644957097,3,473.5561037,64.4103952
6/27/2020,0.882,70.5,57.4,1721.2,0.07926225,0.024825547,0.383407497,52224.41231,1.026184385,0.087465762,0.022644308,0.681489415,3,383.4076836,60.06909535
6/28/2020,0.899,41.1,56.0,1727.8,0.08036991,0.019805872,0.372885883,49964.39878,1.028740388,0.069720905,0.025202168,0.722186373,3,391.9642744,55.86146592
6/29/2020,0.976,48.7,37.6,1726.4,0.085866359,0.019591371,0.364305051,51003.65306,1.017893958,0.068537137,0.019291441,0.66987337,3,463.6422724,53.65499358
6/30/2020,0.903,37.4,42.2,1707.2,0.080826169,0.017657566,0.371962384,46981.02736,1.004920226,0.062018078,0.022521483,0.727535273,3,404.5429475,50.9084473
7/1/2020,0.849,44.0,33.7,1709.9,0.075568495,0.017667211,0.388046998,42266.46711,0.925021169,0.061973707,0.019803803,0.725502504,3,395.3738317,47.37341776
7/2/2020,0.996,44.7,52.3,1682.8,0.090329662,0.020320073,0.351968612,57690.39804,1.145720324,0.071481218,0.023720999,0.687862288,3,422.4948739,58.27626427
7/3/2020,1.023,45.3,38.9,1694.7,0.091414371,0.019217626,0.351398823,55409.08935,1.097505919,0.06730316,0.020023955,0.666461586,3,464.5266311,55.07643197
7/4/2020,0.860,70.0,61.5,1700.6,0.078663301,0.024937372,0.38412165,53056.42058,1.050270109,0.088054655,0.02401448,0.690016829,3,355.9740822,60.61667523
7/5/2020,0.967,40.7,60.2,1650.6,0.089959801,0.020172795,0.350456812,59886.35426,1.202309352,0.071235811,0.02686059,0.70608662,3,379.0007267,59.19094073
7/6/2020,0.834,56.3,57.8,1643.7,0.07894818,0.021851748,0.379242609,51968.4677,1.09735499,0.077368727,0.025718415,0.731532006,3,315.6786475,56.52743577
7/7/2020,0.831,67.0,44.4,1640.9,0.077843805,0.022129933,0.385734749,49034.237,1.047922522,0.078186176,0.021813242,0.719061472,3,330.6167752,53.42541632
7/8/2020,0.858,33.7,40.0,1623.0,0.080812263,0.016221462,0.370663051,46940.92298,1.074968543,0.057263596,0.02418697,0.770997303,3,337.6643959,47.9401567
7/9/2020,0.905,60.4,45.7,1616.3,0.085428557,0.021510697,0.366099109,54699.77243,1.14351368,0.075968498,0.022344448,0.704918001,3,354.2999894,55.28705628
7/10/2020,0.902,71.1,41.3,1662.6,0.082611142,0.023024395,0.376390242,52164.24739,1.061315627,0.081073214,0.01991147,0.680888458,3,383.2789434,55.32781236
7/11/2020,0.969,47.7,34.9,1632.0,0.089543601,0.018678628,0.356165779,54271.47963,1.122924863,0.065649024,0.019991117,0.684288114,3,410.1929172,52.12499828
7/12/2020,0.866,50.4,52.6,1644.4,0.081236711,0.020490635,0.372962557,51810.42972,1.101414715,0.072429743,0.024920604,0.73144231,3,337.9494314,54.91299154
7/13/2020,0.823,56.1,43.2,1596.9,0.07925081,0.019966421,0.378918591,49257.24521,1.099218612,0.070683718,0.023198506,0.748482841,3,305.6393219,51.15255774
7/14/2020,0.840,51.8,32.9,1576.4,0.08094073,0.018211507,0.375363512,48175.65704,1.094066558,0.064360191,0.02091069,0.742565597,3,319.8108166,47.60316619
7/15/2020,0.847,51.5,42.6,1608.0,0.080696583,0.019345743,0.374913442,49579.09642,1.097957239,0.068399151,0.023088347,0.743462189,3,323.9107633,51.0705744
7/16/2020,0.864,53.2,55.2,1579.6,0.084544545,0.020928112,0.363847108,56439.09286,1.208967972,0.074231479,0.026219602,0.736019157,3,303.246926,56.05288398
7/17/2020,0.821,54.9,54.9,1554.3,0.082252003,0.020811222,0.368175494,55299.89887,1.217258988,0.073967998,0.026809291,0.753957897,3,271.0940244,54.87691027
7/18/2020,0.798,39.6,40.6,1592.0,0.077254334,0.016809231,0.379844044,45502.7564,1.077536629,0.059528427,0.024752312,0.794651912,3,290.944102,47.08913984
7/19/2020,0.805,42.3,49.2,1586.8,0.078806466,0.018168134,0.375239588,49259.04784,1.131487985,0.064457906,0.026807265,0.785369441,3,280.5136378,50.6134525
7/20/2020,0.932,61.1,27.9,1562.6,0.089360526,0.01967632,0.359459942,55508.78969,1.16606468,0.069364046,0.018246629,0.676575915,3,366.3930671,50.31334476
7/21/2020,0.869,42.8,27.6,1565.5,0.08368327,0.016318016,0.368115166,48608.67455,1.103058505,0.057567159,0.019933846,0.731303376,3,338.9581161,45.52719365
7/22/2020,0.966,32.5,44.3,1575.5,0.092818699,0.016766592,0.342542135,58022.08184,1.252022383,0.059245394,0.025339479,0.734211463,3,359.1938962,52.65912424
7/23/2020,0.844,40.2,40.0,1546.5,0.083486577,0.0169039,0.364228796,50655.47203,1.181011731,0.059917458,0.024744642,0.77891115,3,294.6302332,48.39769057
7/24/2020,0.961,42.9,26.7,1535.5,0.093382552,0.016588675,0.34697931,56401.67936,1.217088908,0.058474191,0.019304687,0.693130671,3,369.7057353,48.35341627
7/25/2020,0.888,47.7,47.4,1517.6,0.089431166,0.019026842,0.350750153,58760.77549,1.299218218,0.067552414,0.025762673,0.74730704,3,294.7822236,53.39636244
7/26/2020,0.915,32.4,45.1,1504.7,0.092410429,0.016307753,0.340781861,59068.44642,1.338700858,0.057888806,0.027301841,0.769594083,3,299.9883612,51.21153231
7/27/2020,0.782,42.1,22.8,1511.9,0.078497895,0.01496575,0.379468418,44797.30848,1.091686086,0.052989887,0.01991923,0.770697117,3,277.5397662,41.21656958
7/28/2020,0.830,32.9,27.5,1515.2,0.083031888,0.01421132,0.365601617,47459.8702,1.151332647,0.050308975,0.022148442,0.781782852,3,293.8621753,42.84002006
7/29/2020,0.877,43.6,31.2,1509.4,0.087671847,0.016582275,0.356669758,52833.97672,1.219922711,0.058715624,0.021853542,0.750456312,3,308.4074455,47.05560099
7/30/2020,0.884,43.4,43.0,1504.8,0.089470203,0.017782179,0.349901544,57183.44468,1.297614147,0.063127081,0.025372392,0.760688627,3,291.7730003,51.1668006
7/31/2020,0.881,46.1,30.7,1481.1,0.089570397,0.016842081,0.352170949,54890.64514,1.269052015,0.059704172,0.021777575,0.74863623,3,298.101507,47.37808331
8/1/2020,0.869,47.8,24.4,1492.6,0.087370664,0.016461796,0.359458198,52573.8935,1.203662387,0.05825102,0.019526103,0.727328331,3,308.6106257,45.15914623
8/2/2020,0.936,38.6,53.1,1442.0,0.09862814,0.018039526,0.326277962,68989.43376,1.515898898,0.064251931,0.029195409,0.753442227,3,275.2697648,55.57237549
8/3/2020,0.823,61.3,34.9,1463.5,0.085844325,0.019289938,0.360638118,54899.22027,1.28322577,0.06860029,0.022454218,0.761527129,3,257.2544682,49.04280085
8/4/2020,0.791,28.1,37.6,1428.1,0.08569787,0.013868003,0.350374503,52693.07514,1.355195678,0.049467651,0.028563793,0.85700617,3,218.2699234,44.4035047
8/5/2020,0.888,40.8,42.4,1433.7,0.094060452,0.016999047,0.336617378,61732.28568,1.435177005,0.060522127,0.026648761,0.776984858,3,263.3826179,50.79348061
8/6/2020,0.745,36.6,50.1,1460.3,0.080957468,0.016467726,0.361459927,53294.24293,1.32665515,0.058843978,0.030898177,0.850943042,3,196.281261,48.49912076
8/7/2020,0.913,61.4,47.8,1443.0,0.096088718,0.021098593,0.336806897,67138.91249,1.459297507,0.07509867,0.025133847,0.727021808,3,276.2284364,56.36497278
8/8/2020,0.890,39.1,24.6,1413.8,0.093983674,0.014830749,0.34047668,57533.3831,1.361717484,0.052646305,0.021257924,0.751251942,3,282.1791919,44.75675697
8/9/2020,0.898,61.9,29.3,1416.5,0.09489849,0.019015379,0.341520184,61912.48143,1.401023062,0.067575699,0.020762844,0.725208414,3,279.4000861,49.72274512
8/10/2020,0.765,54.7,43.1,1408.3,0.085006217,0.018503485,0.354713065,56860.23362,1.398645248,0.066131002,0.026831791,0.816425595,3,199.4071636,49.31862028
8/11/2020,0.712,39.4,51.9,1424.2,0.080604738,0.016770335,0.359193924,54986.34586,1.39209037,0.060067833,0.032039571,0.865905261,3,168.3564963,48.75607128
8/12/2020,0.820,28.2,45.6,1389.1,0.091507809,0.014728089,0.334087341,60764.18517,1.516390984,0.052655417,0.031464092,0.848480784,3,207.5167701,48.05362539
8/13/2020,0.827,30.0,42.4,1418.0,0.089862822,0.014842223,0.340703639,57680.04434,1.431955738,0.05296316,0.029460868,0.836307145,3,225.7023062,47.3454784
8/14/2020,0.715,30.7,35.1,1387.0,0.081472886,0.013438194,0.356764945,49822.78214,1.374181436,0.048082716,0.029034606,0.910911101,3,172.3323427,42.12445295
8/15/2020,0.862,24.5,40.9,1419.0,0.092794642,0.013938237,0.334116098,58904.77747,1.452349175,0.049691811,0.029660266,0.831746603,3,241.4714357,47.05066818
8/16/2020,0.880,50.3,45.7,1393.1,0.096259594,0.018667552,0.331227754,66776.27498,1.531606139,0.066608531,0.026972524,0.766333329,3,242.3854322,53.11360932
8/17/2020,0.737,55.1,49.5,1348.2,0.087308493,0.018827522,0.342696694,62765.22042,1.561058383,0.067533602,0.029727264,0.833905414,3,163.1784926,51.01473312
8/18/2020,0.895,29.9,19.2,1399.3,0.095017026,0.012765545,0.338190995,56899.53121,1.350113345,0.045261251,0.020159563,0.738377736,3,289.1604952,42.06222202
8/19/2020,0.822,33.7,18.0,1387.5,0.088925331,0.01282243,0.350497643,52715.49396,1.30802907,0.045557847,0.020140287,0.767667601,3,252.7602844,40.00702561
8/20/2020,0.750,50.4,23.8,1377.7,0.083624459,0.015560713,0.360351347,51253.84022,1.32794066,0.055517353,0.021857281,0.81793839,3,203.746017,41.91789658
8/21/2020,0.707,22.2,38.6,1372.9,0.082395176,0.012324213,0.34961647,51370.28289,1.444895642,0.044171319,0.032678817,0.946900465,3,156.6015174,42.02335139
8/22/2020,0.855,48.0,17.4,1355.2,0.093920768,0.01507058,0.341088731,59412.87855,1.40569386,0.053598852,0.018903306,0.729805922,3,253.6282303,42.63623116
8/23/2020,0.812,37.8,26.2,1323.5,0.093098569,0.013947678,0.334350769,58221.96293,1.51202713,0.049817742,0.024236903,0.828053076,3,208.5636469,42.96888277
8/24/2020,0.770,21.6,44.0,1366.9,0.088791267,0.013107233,0.335332073,58513.80391,1.540956503,0.046957149,0.033791113,0.899300799,3,173.5647875,45.02669242
8/25/2020,0.878,26.4,19.7,1336.3,0.097660946,0.01188359,0.328351344,59098.06903,1.472786594,0.042282204,0.02193626,0.77744707,3,253.0920086,41.36737642
8/26/2020,0.865,43.2,32.5,1338.7,0.097384679,0.015824916,0.327085311,63573.66739,1.561647811,0.056487598,0.024950899,0.796420028,3,229.129805,47.29190805
8/27/2020,0.783,43.0,14.3,1346.2,0.087589687,0.01352535,0.353319184,54045.01594,1.338395859,0.048158455,0.018658367,0.753755047,3,223.9915026,39.04851488
8/28/2020,0.790,34.8,31.1,1329.7,0.091282367,0.013878738,0.335452868,57595.88075,1.523142018,0.049634699,0.026706088,0.858305204,3,193.7789581,43.5413947
8/29/2020,0.668,39.6,18.9,1294.3,0.081490942,0.012466766,0.355954377,49341.86858,1.424514526,0.044676309,0.023171983,0.897747783,3,146.7941165,37.73324065
8/30/2020,0.816,22.4,14.8,1322.8,0.092432411,0.010387666,0.338963701,54781.70725,1.403058876,0.036972998,0.020735648,0.779918369,3,232.015646,37.80784279
8/31/2020,0.793,42.2,40.6,1323.5,0.092970842,0.016056237,0.330271813,63104.26841,1.608369607,0.057514245,0.028783335,0.844438031,3,184.0639385,47.84689734
9/1/2020,0.831,32.0,39.4,1308.1,0.097394832,0.014429195,0.319538337,65566.21166,1.674811082,0.05167271,0.029939879,0.850213383,3,193.4340283,47.15776491
9/2/2020,0.819,21.8,24.2,1258.8,0.098417257,0.010952686,0.316613709,60954.62316,1.671350629,0.039201376,0.026878404,0.875602484,3,189.5914934,40.77174517
9/3/2020,0.716,24.7,21.0,1286.5,0.086692376,0.010628413,0.341634678,51465.31413,1.494385385,0.038065635,0.025746454,0.91465542,3,160.9562651,37.66683154
9/4/2020,0.814,43.5,12.8,1274.3,0.095289544,0.013299458,0.333474534,61614.07366,1.51441229,0.047451619,0.018650026,0.742793246,3,213.3658919,39.7952455
9/5/2020,0.662,56.3,44.6,1262.0,0.086845436,0.017613935,0.332803352,64104.51755,1.735975748,0.063436238,0.030680345,0.896713213,3,115.9666227,48.05180202
9/6/2020,0.770,28.1,33.4,1260.8,0.094999813,0.012654365,0.319117461,62279.78419,1.723916736,0.045417404,0.030288559,0.909670315,3,159.5717816,43.27049721
9/7/2020,0.837,57.9,42.3,1260.7,0.10167825,0.018670777,0.312496155,74567.75477,1.812322046,0.066962927,0.027538493,0.798653985,3,184.1055048,52.11531956
9/8/2020,0.665,17.7,15.1,1272.6,0.082334997,0.008571732,0.350885495,46956.857,1.426060093,0.030705933,0.024605635,0.932744593,3,145.6513443,34.73561591
9/9/2020,0.743,27.6,16.9,1264.5,0.090066412,0.010757676,0.336642416,54405.49535,1.520240249,0.038492921,0.023057325,0.861791903,3,173.5274808,37.51708942
9/10/2020,0.691,42.4,44.7,1262.4,0.089423532,0.015674182,0.326409908,64754.91156,1.761762083,0.056423297,0.032516714,0.909879699,3,124.1021288,47.03452687
9/11/2020,0.718,33.2,29.6,1257.4,0.090129582,0.012764734,0.329060599,57833.98897,1.662117176,0.045841979,0.02858094,0.930045688,3,143.5205413,41.54129524
9/12/2020,0.666,46.0,42.4,1222.4,0.09020446,0.015670684,0.320226252,66405.39091,1.860868571,0.056493714,0.032178197,0.929178688,3,109.0695879,46.44086075
9/13/2020,0.694,36.9,23.2,1211.5,0.090717971,0.012326545,0.325518484,58191.08369,1.721398534,0.044314955,0.02637796,0.935311814,3,130.4173349,39.84130638
9/14/2020,0.702,52.7,10.1,1234.5,0.087683964,0.013526217,0.344089851,58302.10413,1.524001119,0.048461235,0.018484076,0.782819371,3,155.4574659,37.52233562
9/15/2020,0.750,36.5,36.9,1229.6,0.096056927,0.014126006,0.314005445,66660.58906,1.829844856,0.050791265,0.030690571,0.904136703,3,142.7402183,45.24960596
9/16/2020,0.797,16.4,22.7,1244.8,0.097490415,0.009739418,0.315825319,59520.78441,1.68730206,0.034887744,0.027945621,0.904497593,3,176.9262643,39.15945583
