Date,Gas Flow_MMSCFD,Oil_bpd,Water_bpd,FWHP_psig,Temperature_F,FlowPatternGasLiquid2,FroudeNumberGas2,FroudeNumberLiquid2,HoldupFractionLiquid2,Pressure2,ReynoldsNumber2,SuperficialVelocityGas2,SuperficialVelocityLiquid2,SurfaceTensionLiquidInSitu2,Temperature2,ViscosityLiquidInSitu2,FlowPatternGasLiquid6,FroudeNumberGas6,FroudeNumberLiquid6,HoldupFractionLiquid6,Pressure6,ReynoldsNumber6,SuperficialVelocityGas6,SuperficialVelocityLiquid6,SurfaceTensionLiquidInSitu6,Temperature6,ViscosityLiquidInSitu6,FINAPRESS,FINATEMP
1/1/2020,2,480,4500,5600,230,9,0,0.81,1,5593.163087,377681.0856,0,2.967197686,0.00000001,227.1130117,0.253818992,4,0.079349641,0.829993245,0.845727202,3445.338441,409800.789,0.510384406,2.641022471,0.013318652,218.2242444,0.273292743,2126.376735,212.3702904
1/2/2020,2,480,3450,5500,230,9,0,0.67,1,5495.343968,305386.705,0,2.45560102,0.00000001,226.3803108,0.250546521,4,0.079879705,0.66970962,0.817303844,3433.193097,334632.3328,0.507736639,2.124771731,0.012764726,215.6546548,0.275989924,2177.457559,208.7528099
1/3/2020,2,480,3000,5400,230,9,0,0.61,1,5396.155787,274708.009,0,2.238450644,0.00000001,225.9409211,0.248340498,4,0.081079978,0.598357974,0.797929676,3384.746091,303566.9168,0.517677926,1.900507231,0.012747057,214.0771681,0.277710888,2168.102001,206.5318398
1/4/2020,2,479,2500,5300,230,9,0,0.55,1,5296.975583,240646.7677,0,1.996094952,0.00000001,225.2976285,0.245145165,4,0.08211272,0.520704224,0.774212389,3352.099809,268085.3347,0.522150392,1.652199365,0.012434038,211.8234237,0.280039945,2183.207951,203.4013063
1/5/2020,2,479,2000,5200,230,9,0,0.48,1,5197.704182,206852.6274,0,1.754316499,0.00000001,224.4035981,0.240652276,4,0.082792194,0.444816748,0.747498884,3334.709232,231149.3853,0.519420674,1.406629643,0.011780516,208.7537646,0.283580989,2220.778037,199.2088797
1/6/2020,2,478,1500,5100,230,9,0,0.412935779,1,5098.343679,173383.9712,0,1.511922105,0.00000001,223.0656719,0.233884499,4,0.083260311,0.370417007,0.716734763,3339.876425,193155.6614,0.507640932,1.162702216,0.010641395,204.3128371,0.287869416,2291.039198,193.2170373
1/7/2020,2,478,1280,5000,230,9,0,0.384497059,1,4998.594183,159130.3196,0,1.407796643,0.00000001,222.2579044,0.229357519,4,0.084378832,0.335931219,0.695950759,3301.175965,177372.2487,0.511752456,1.052974996,0.010245693,201.6010813,0.290478862,2292.168369,189.5631063
1/8/2020,2,477,1050,4900,230,9,0,0.35451615,1,4898.838734,144532.6102,0,1.298024612,0.00000001,221.1676898,0.223101725,4,0.085447893,0.30063779,0.673164555,3273.913566,160054.74,0.5110531,0.938805232,0.009567964,198.0212078,0.29383582,2309.404098,184.7969105
1/9/2020,2,477,900,4700,230,9,0,0.336708875,1,4698.983742,135842.1169,0,1.232825096,0.00000001,220.3213487,0.217026386,4,0.088578931,0.272574054,0.641670551,3142.438344,151365.9936,0.540519991,0.8557722,0.009686742,194.9765607,0.298352029,2227.157333,180.6526883
1/10/2020,2,476,800,4600,230,10,0.000127848,0.437680004,0.999443597,4599.068425,130143.048,0.000515905,1.186803673,0.004953138,219.6326405,0.212346791,4,0.090097332,0.255432421,0.623537812,3088.443342,144663.8354,0.550699751,0.802306801,0.009471301,192.6340835,0.301060519,2203.114302,177.5303047
1/11/2020,2,476,700,4500,230,10,0.014658041,0.402477405,0.942632348,4499.264233,126772.222,0.058769328,1.088162381,0.004586152,218.8382029,0.212710057,4,0.091457483,0.23911689,0.60554519,3037.079123,137912.365,0.559512802,0.751237149,0.009135262,189.9869198,0.303544489,2182.831999,174.0343425
1/12/2020,2,476,600,4400,230,10,0.029466924,0.367147987,0.887506548,4399.345725,123394.4674,0.117243626,0.989184237,0.004174483,217.9038157,0.212986752,4,0.0927847,0.223204953,0.587330666,2988.834621,130905.9774,0.566384837,0.70083894,0.008663764,186.9087426,0.306156162,2166.135736,170.0068734
1/13/2020,1.996,474.8,599,4358.5,230,10,0.035354794,0.357290548,0.867102609,4357.844784,124117.2746,0.141912606,0.966495837,0.004177183,217.9004344,0.215573597,4,0.093351326,0.221346719,0.581985103,2952.980869,131525.912,0.576525075,0.697132729,0.008874838,186.7908601,0.307115383,2136.100405,169.8391667
1/14/2020,1.993,473.6,598,4317,230,10,0.041153436,0.347419026,0.848133544,4316.343232,124824.18,0.166702002,0.943675152,0.004179801,217.896893,0.218230988,4,0.093915586,0.219514637,0.576646281,2917.148379,132155.3416,0.586721782,0.693416815,0.009090279,186.6733533,0.30807705,2105.893222,169.6713457
1/15/2020,1.989,472.3,597,4275.5,230,10,0.046870183,0.33754263,0.829797018,4274.841189,125557.3129,0.191661564,0.92073181,0.004182522,217.8932828,0.220954646,4,0.094487528,0.217711644,0.571305638,2881.601665,132798.4589,0.59698741,0.68968988,0.009308689,186.5560922,0.30903651,2076.048812,169.5041796
1/16/2020,1.985,471.1,596,4234,230,10,0.05248456,0.327658179,0.812043758,4233.338861,126314.2686,0.216736938,0.897660498,0.00418516,217.8895122,0.223749168,4,0.095055808,0.215933028,0.565979836,2846.118245,133450.1699,0.607296846,0.685955387,0.009531398,186.4390847,0.309997548,2046.097112,169.3255919
1/17/2020,1.981,469.9,595,4192.5,230,10,0.058006699,0.317768392,0.794767433,4191.836313,127110.6099,0.241993791,0.874456343,0.004187902,217.885671,0.226611368,4,0.095635795,0.214172775,0.560622851,2810.715424,134122.2659,0.617744722,0.682196884,0.009758522,186.3225522,0.310959721,2016.143237,169.1319687
1/18/2020,1.978,468.7,594,4151,230,10,0.063412077,0.307876696,0.777956301,4150.333668,127943.8178,0.267362478,0.85112794,0.00419056,217.8816684,0.229543276,4,0.096208298,0.212439898,0.555306518,2775.536123,134798.6355,0.62818456,0.678440588,0.009989134,186.2061559,0.311920184,1986.526679,168.9398998
1/19/2020,1.974,467.4,593,4109.5,230,9,0.068712991,0.297979629,0.761591041,4108.830913,128827.3439,0.292924155,0.827656323,0.004193321,217.8775939,0.232542537,4,0.096791269,0.210724112,0.549966399,2740.472998,135494.8751,0.638752918,0.674662755,0.010224123,186.0901267,0.312880903,1956.813998,168.7476848
1/20/2020,1.97,466.2,592,4068,230,9,0.073880808,0.288087337,0.745588152,4067.328193,129763.7725,0.318592863,0.80406502,0.004195998,217.873358,0.235607941,4,0.097371004,0.209025906,0.544637136,2705.435962,136202.2959,0.649382289,0.670873415,0.010464117,185.9746164,0.313842891,1927.09832,168.5562366
1/21/2020,1.966,465,591,4026.5,230,9,0.078929856,0.278189844,0.729839186,4025.825477,130773.6911,0.344467052,0.780319221,0.00419878,217.8690481,0.238737834,4,0.097964995,0.207425567,0.539210644,2670.680371,136973.8381,0.660748171,0.667461911,0.010700032,185.8404574,0.31474834,1897.802927,168.3662573
1/22/2020,1.963,463.8,590,3985,230,9,0.080072617,0.273298274,0.724488633,3984.325106,131331.7439,0.355913285,0.772357468,0.004346466,217.8644348,0.23981375,4,0.098570043,0.205890971,0.533707241,2636.038664,137815.0767,0.672680653,0.664280668,0.010936253,185.7206702,0.315570234,1868.298288,168.1997625
1/23/2020,1.959,462.5,589,3943.5,230,9,0.080990284,0.268884212,0.719838797,3942.824852,131877.0484,0.366536359,0.765377488,0.00450726,217.860254,0.240760101,4,0.099187509,0.204373512,0.528184698,2601.572182,138679.4982,0.684778511,0.661078345,0.011176967,185.6034553,0.31638882,1838.956925,168.035714
1/24/2020,1.955,461.3,588,3902,230,9,0.081902974,0.264629613,0.715301067,3901.324583,132429.6029,0.377158627,0.758403778,0.004671884,217.8559162,0.241709132,4,0.099801164,0.202876658,0.522692539,2567.2735,139552.7244,0.69693595,0.65787054,0.011422187,185.4866225,0.317208179,1809.830822,167.872872
1/25/2020,1.951,460.1,587,3860.5,230,9,0.082832496,0.260503638,0.710821512,3859.824279,133000.931,0.387889233,0.751393901,0.004840665,217.8515072,0.242662934,4,0.100427727,0.201393096,0.517175778,2533.087511,140449.8235,0.709281883,0.654639012,0.011672538,185.3701682,0.318029359,1780.543949,167.6908043
1/26/2020,1.948,458.9,586,3819,230,9,0.083754426,0.256507143,0.706378838,3818.324022,133584.1299,0.398621375,0.744388512,0.005013549,217.84694,0.24361904,4,0.101052098,0.199925729,0.511678739,2498.998759,141359.3157,0.721720221,0.651397496,0.011928176,185.254297,0.318851893,1751.360815,167.5023622
1/27/2020,1.944,457.6,585,3777.5,230,9,0.08468996,0.252614413,0.701920746,3776.823762,134190.9304,0.409462747,0.737347968,0.005190881,217.8423007,0.244579283,4,0.101685787,0.198473863,0.506181184,2465.159922,142288.411,0.734296035,0.648139362,0.012188195,185.1388236,0.31967362,1722.426269,167.3151052
1/28/2020,1.94,456.4,584,3736,230,9,0.08561596,0.248828179,0.697458398,3735.323562,134812.6365,0.420308213,0.730309978,0.005372617,217.8375021,0.24554142,4,0.102318323,0.197034706,0.500696268,2431.366895,143232.3441,0.746988502,0.64486783,0.012454168,185.0236573,0.320497905,1693.374212,167.1275401
1/29/2020,1.936,455.2,583,3694.5,230,9,0.086552942,0.245126625,0.692939045,3693.823368,135461.3123,0.431264062,0.723237662,0.005559118,217.8326303,0.246507016,4,0.102962197,0.195606677,0.495197991,2397.736867,144200.3942,0.759860531,0.641574683,0.012725467,184.9089566,0.321322428,1664.523415,166.9413868
1/30/2020,1.933,454,582,3653,230,9,0.087478882,0.241513675,0.68840516,3652.32323,136126.5402,0.442226543,0.716166021,0.005750355,217.8275981,0.24747402,4,0.103601483,0.194193576,0.48973514,2364.287385,145179.062,0.772796508,0.638274776,0.013001971,184.7948676,0.322146334,1635.686692,166.7557757
1/31/2020,1.929,452.7,581,3611.5,230,9,0.088413583,0.237970531,0.683788371,3610.823096,136821.511,0.453300696,0.709060832,0.005946702,217.8224916,0.248443737,4,0.104289181,0.19284974,0.484034107,2330.944993,146257.8568,0.786939713,0.635264028,0.013267996,184.6601435,0.32293721,1606.959669,166.5707578
2/1/2020,1.925,451.5,580,3570,230,9,0.089336044,0.234501815,0.67901238,3569.323036,137541.8431,0.464384055,0.701954433,0.006148152,217.8172236,0.249414305,4,0.104990371,0.191545745,0.478273092,2297.759573,147381.3761,0.80162761,0.632374544,0.013532785,184.5172943,0.323715607,1578.275015,166.3865615
2/2/2020,1.921,450.3,579,3528.5,230,9,0.090265311,0.231091187,0.674274192,3527.822948,138287.3647,0.475580389,0.694815332,0.00635509,217.8118802,0.250386746,3,0.105702202,0.190255022,0.472602463,2264.869633,148522.8289,0.816501564,0.6294674,0.013802409,184.3755957,0.324492762,1549.72618,166.1800231
2/3/2020,1.918,449,578,3487,230,9,0.090904296,0.228366541,0.670831727,3486.322517,138926.1873,0.485816089,0.689784191,0.006551667,217.8071733,0.251174762,3,0.106422346,0.188972923,0.470366652,2232.091657,149486.4455,0.831621158,0.626540194,0.014078719,184.258177,0.325223533,1521.344153,165.9943487
2/4/2020,1.914,447.8,577,3445.5,230,9,0.091483579,0.225859092,0.667552742,3444.821956,139564.0462,0.495930671,0.685293563,0.006748484,217.8032844,0.251913591,3,0.10716648,0.187691621,0.468072739,2199.217583,150499.698,0.847162049,0.623574702,0.014363575,184.1473382,0.325947103,1492.986353,165.8152891
2/5/2020,1.91,446.6,576,3404,230,9,0.092059944,0.223405321,0.664263211,3403.321423,140215.4254,0.506089594,0.680798661,0.006949632,217.79923,0.252652941,3,0.10791367,0.18641809,0.465761055,2166.362998,151537.6037,0.862932999,0.620590746,0.014656091,184.036516,0.326675254,1464.766544,165.6375106
2/6/2020,1.906,445.4,575,3362.5,230,9,0.092651523,0.220992581,0.660932739,3361.820868,140891.997,0.516396941,0.676271781,0.007155442,217.7950966,0.253393688,3,0.10868023,0.185147471,0.463401188,2133.516655,152616.0191,0.879072092,0.617573784,0.014956819,183.9263721,0.327406707,1436.640126,165.4609743
2/7/2020,1.903,444.1,574,3321,230,9,0.093239426,0.218626363,0.657609173,3320.32034,141582.0785,0.526752372,0.671739249,0.007365873,217.7907963,0.254134647,3,0.109454395,0.183879517,0.461012301,2100.546368,153726.8827,0.895537156,0.614529445,0.015267181,183.8154245,0.32814655,1408.500169,165.2843133
2/8/2020,1.899,442.9,573,3279.5,230,9,0.09384152,0.216295106,0.654252513,3278.819786,142298.1244,0.537260656,0.667174568,0.007581272,217.786416,0.254876582,3,0.110244985,0.182616091,0.458582373,2067.697486,154875.6489,0.912330506,0.611456152,0.01558542,183.705191,0.328887792,1380.602639,165.1095637
2/9/2020,1.895,441.7,572,3238,230,9,0.094439325,0.214004288,0.650905743,3237.319259,143028.5466,0.54782098,0.662602791,0.00780161,217.7818675,0.255618387,3,0.1110969,0.181408272,0.456090893,2034.606492,156139.859,0.930768785,0.608624822,0.015886939,183.5724727,0.329614699,1352.578571,164.9116583
2/10/2020,1.891,440.5,571,3196.5,230,9,0.095050423,0.211743298,0.647527903,3195.818706,143786.1404,0.558538838,0.657998674,0.008027249,217.777238,0.256360705,3,0.111982729,0.180226682,0.453549388,2001.721886,157469.4222,0.949993382,0.605861413,0.016186327,183.4327712,0.330336066,1324.878941,164.7130632
2/11/2020,1.888,439.2,570,3155,230,9,0.095656727,0.209517527,0.64416011,3154.318177,144559.2538,0.569312911,0.653385963,0.008258175,217.7724388,0.257102515,3,0.112881201,0.179047723,0.450968233,1968.745443,158843.5564,0.969679611,0.603070121,0.016496052,183.2935817,0.33106386,1297.18854,164.515853
2/12/2020,1.884,438,569,3113.5,230,9,0.096275528,0.207317201,0.640761745,3112.817621,145360.9678,0.580249493,0.648740666,0.008494763,217.7675575,0.257844335,3,0.113806853,0.177868278,0.4483217,1935.721591,160275.3419,0.989947542,0.600239545,0.016816358,183.1539799,0.331799395,1269.582945,164.3193214
2/13/2020,1.88,436.8,568,3072,230,9,0.096884881,0.205188622,0.637406758,3071.31699,146188.2425,0.591350026,0.644251339,0.008735024,217.7622936,0.258563017,3,0.114737544,0.176696298,0.445654228,1902.896656,161745.4593,1.010535262,0.597390196,0.017145219,183.0201473,0.3325265,1242.293188,164.1297425
2/14/2020,1.876,435.6,567,3030.5,230,9,0.097487502,0.203303144,0.634200132,3029.815759,147095.9175,0.603209054,0.640618904,0.008970459,217.7594766,0.259158703,3,0.115712871,0.175515349,0.442886106,1869.845338,163325.6919,1.031984114,0.594483261,0.017487729,182.9139097,0.333204369,1214.948144,163.9662073
2/15/2020,1.873,434.3,566,2989,230,9,0.098089538,0.20144755,0.631000714,2988.314538,148021.8712,0.615181745,0.636975513,0.009211573,217.7564861,0.259755491,3,0.116695837,0.174338789,0.440090784,1836.89964,164947.8437,1.053839544,0.591552236,0.017840642,182.8081183,0.333885958,1187.805946,163.7862691
2/16/2020,1.869,433.1,565,2947.5,230,9,0.098707887,0.199613178,0.627768966,2946.813273,148979.7548,0.627378696,0.633299197,0.009458765,217.7534104,0.260353804,3,0.117711709,0.17315698,0.437218457,1803.825618,166643.7234,1.076435065,0.588572696,0.018207181,182.7020211,0.334575872,1160.755425,163.5979098
2/17/2020,1.865,431.9,564,2906,230,9,0.099325361,0.197804835,0.624543097,2905.312017,149957.4689,0.639697519,0.629610361,0.00971206,217.7501594,0.260952973,3,0.118805128,0.172045837,0.434249596,1770.748159,168493.3791,1.101216346,0.585876119,0.018536959,182.56853,0.33525181,1133.826369,163.411247
2/18/2020,1.861,430.7,563,2864.5,230,9,0.099958762,0.196014389,0.621284019,2863.810715,150969.0325,0.652250857,0.625887752,0.009971881,217.7468224,0.261553323,3,0.119937816,0.170939406,0.431199523,1737.688465,170430.0658,1.126948199,0.583166046,0.018874493,182.4329327,0.335932412,1107.051258,163.2261531
2/19/2020,1.858,429.4,562,2823,230,9,0.100591072,0.194246556,0.618029354,2822.309423,152002.1682,0.664934894,0.622150966,0.010238273,217.7433083,0.262154247,3,0.121092758,0.169832096,0.42809149,1704.558229,172439.1857,1.153455138,0.580420772,0.019225514,182.2974239,0.33662115,1080.351074,163.0424545
2/20/2020,1.854,428.2,561,2781.5,230,10,0.101238991,0.192493681,0.614589463,2780.808091,153078.7399,0.677864455,0.618379478,0.010511684,217.7397075,0.262755968,3,0.122283273,0.168721953,0.424904798,1671.458065,174534.0294,1.180841782,0.577631201,0.019589922,182.1623853,0.33731589,1053.843471,162.8604099
2/21/2020,1.85,427,560,2740,230,10,0.101885668,0.190760361,0.611126518,2739.306763,154180.072,0.690934228,0.61459204,0.010792182,217.7359278,0.263357941,3,0.123498382,0.167609133,0.421656497,1638.284573,176709.1997,1.209088136,0.57480218,0.019969461,182.0269745,0.338020017,1027.400248,162.6522353
2/22/2020,1.846,423.8,550.4,2725.8,230,10,0.102217081,0.188105205,0.607664263,2725.11617,153646.7101,0.695368622,0.606467632,0.010832776,217.5975258,0.263630863,3,0.123652126,0.165495101,0.419805529,1630.462465,175841.8466,1.21309761,0.567695944,0.019970205,181.576579,0.338994339,1022.69779,162.0655102
2/23/2020,1.842,420.6,540.8,2711.5,230,10,0.102540516,0.185458424,0.604173446,2710.825546,153109.1539,0.699776066,0.598357563,0.010873015,217.4557028,0.263909749,3,0.123803468,0.163381912,0.417951833,1622.497728,174971.6969,1.217150378,0.560591563,0.019971228,181.1163897,0.339987778,1017.871982,161.4667324
2/24/2020,1.838,417.4,531.2,2697.3,230,10,0.10286771,0.182822523,0.600635258,2696.63486,152572.9218,0.70418935,0.590261178,0.010911253,217.3108432,0.26419068,3,0.12396215,0.161270662,0.416083914,1614.535631,174102.4077,1.221260296,0.553488128,0.019970356,180.6464645,0.340997399,1013.071231,160.8562565
2/25/2020,1.835,414.2,521.5,2683.1,230,10,0.103200237,0.180225903,0.597057161,2682.444009,152061.3829,0.708854916,0.582313734,0.010943834,217.1621391,0.26444532,3,0.124114253,0.159161216,0.414222814,1606.594307,173228.405,1.22529678,0.546385637,0.019967941,180.1745461,0.342006958,1008.295213,160.241102
2/26/2020,1.831,410.9,511.9,2668.9,230,10,0.103546694,0.177653981,0.593416148,2668.253003,151571.1889,0.713713228,0.574444625,0.010972609,217.0112526,0.264686155,3,0.124272082,0.1570567,0.412353662,1598.726059,172356.3341,1.229341091,0.539292788,0.019962469,179.6978401,0.343020561,1003.599385,159.6185424
2/27/2020,1.827,407.7,502.3,2654.6,230,10,0.10389485,0.175089854,0.589725312,2653.961934,151084.4759,0.718606622,0.566585625,0.011000719,216.8572217,0.264931442,3,0.124436234,0.154953282,0.410468863,1590.711837,171491.0926,1.233514557,0.532202606,0.019956981,179.211333,0.344052185,998.7937976,158.9836484
2/28/2020,1.823,404.5,492.7,2640.4,230,10,0.104232818,0.172535918,0.586012669,2639.770871,150584.1332,0.723403053,0.558736298,0.011026592,216.6988351,0.26518,3,0.124591581,0.152851185,0.408594751,1582.699093,170608.1709,1.237588633,0.525111709,0.019949367,178.7130242,0.345103595,993.9846303,158.3345445
2/29/2020,1.819,401.3,483.1,2626.2,230,10,0.104577958,0.169991943,0.582241783,2625.579722,150089.6436,0.728246232,0.550900579,0.011050975,216.5365692,0.265432607,3,0.124754149,0.150755984,0.406710906,1574.724931,169727.0577,1.241720994,0.518039284,0.01993797,178.2040582,0.346169371,989.2262494,157.6734763
3/1/2020,1.815,398.1,473.5,2611.9,230,10,0.104917432,0.167452936,0.578429453,2611.288556,149589.4853,0.733070778,0.543066566,0.011074239,216.3700609,0.265690514,3,0.124925076,0.148678059,0.404820131,1566.684969,168853.8353,1.246184898,0.511033855,0.019909556,177.6758295,0.347250151,984.416997,156.9975601
3/2/2020,1.812,394.9,463.9,2597.7,230,10,0.105262991,0.164923518,0.574560418,2597.097321,149092.2431,0.737911195,0.535242019,0.011095323,216.2001742,0.265950642,3,0.125107477,0.146601717,0.402908463,1558.581069,167988.9188,1.250781578,0.504029823,0.019879609,177.1365728,0.348347492,979.580172,156.3081985
3/3/2020,1.808,391.7,454.2,2583.5,230,10,0.10560781,0.162403753,0.5706451,2582.906043,148591.5484,0.742739471,0.527430872,0.011114279,216.0253032,0.266215297,3,0.125290164,0.144528697,0.400996304,1550.460281,167115.8739,1.255368891,0.497031739,0.019846877,176.5844769,0.349463733,974.7371974,155.6034364
3/4/2020,1.804,388.5,444.6,2569.2,230,10,0.105946858,0.15989165,0.566688762,2568.614732,148086.6673,0.747549686,0.519631518,0.01113206,215.8459928,0.266485684,3,0.125467512,0.142458651,0.399090933,1542.282303,166233.0568,1.259920642,0.490039896,0.019812266,176.0204524,0.350597654,969.8430183,154.8841948
3/5/2020,1.8,385.3,435,2555,230,10,0.106291779,0.157388586,0.562672194,2554.423361,147582.0817,0.752368271,0.51184058,0.011146942,215.6620018,0.266758853,3,0.125641373,0.140395197,0.39719605,1534.12792,165213.7606,1.264337026,0.483061491,0.019771961,175.4365578,0.352018091,964.9955615,154.1484914
3/6/2020,1.796,382,425.4,2540.8,230,10,0.106628932,0.154895374,0.558620735,2540.231967,147069.1089,0.757128382,0.504065609,0.011159754,215.4731498,0.267036747,3,0.125811763,0.138334019,0.395304233,1525.864114,164182.7125,1.268759348,0.476088209,0.019729953,174.8389008,0.35347469,960.0561911,153.3969049
3/7/2020,1.792,378.8,415.8,2526.6,230,10,0.106974351,0.15240871,0.554497434,2526.040503,146560.3572,0.761937054,0.496295363,0.011170067,215.279321,0.267318747,3,0.125986971,0.136276237,0.393406899,1517.671468,163145.042,1.273158492,0.469119035,0.019683744,174.2273849,0.354952616,955.2016862,152.6290612
3/8/2020,1.789,375.6,406.2,2512.3,230,10,0.10732216,0.149929368,0.550312092,2511.748974,146054.395,0.766781943,0.488536677,0.011178709,215.0805243,0.267606587,3,0.126164839,0.134221948,0.391505369,1509.423952,162104.8811,1.277591202,0.462157844,0.019634976,173.6015661,0.356454495,950.3160558,151.8427565
3/9/2020,1.785,372.4,396.5,2498.1,230,10,0.107661234,0.147456613,0.54608757,2497.55745,145534.0482,0.771531006,0.480780524,0.011184055,214.8757265,0.267898508,3,0.12632998,0.132168987,0.389624047,1501.270923,161037.5393,1.281810526,0.455193499,0.019581695,172.9596906,0.357981219,945.4984269,151.0299315
3/10/2020,1.781,369.2,386.9,2483.9,230,10,0.108008085,0.144995604,0.541795241,2483.365837,145019.4641,0.776325305,0.473047293,0.011186593,214.6658048,0.268194385,3,0.126501385,0.13012345,0.387738247,1493.159205,159968.8313,1.28603654,0.448248394,0.019524184,172.3036966,0.35952721,940.7316236,150.2001756
3/11/2020,1.777,366,377.3,2469.6,230,10,0.108350165,0.142539183,0.537446917,2469.074204,144498.3338,0.781099746,0.465317117,0.011186715,214.4496796,0.268496661,3,0.126667424,0.128078413,0.38585926,1484.992416,158886.0285,1.290206299,0.441301047,0.019463177,171.6306092,0.361100237,935.9231129,149.3500859
3/12/2020,1.773,362.8,367.7,2455.4,230,10,0.108698767,0.140094108,0.533032159,2454.882495,143978.9253,0.785883814,0.457606052,0.01118314,214.2277786,0.268802093,3,0.126836124,0.126040395,0.383982396,1476.946782,157794.4492,1.294294166,0.434369868,0.01939681,170.9420285,0.362691883,931.235353,148.4817142
3/13/2020,1.769,359.6,358.1,2441.2,230,10,0.109048679,0.137655521,0.528550959,2440.690747,143456.11,0.790662099,0.449901456,0.01117606,213.9993172,0.269112311,3,0.127003605,0.124004819,0.382109363,1468.933498,156689.7456,1.298307307,0.427441165,0.019325421,170.2355101,0.364307668,926.5807363,147.5919792
3/14/2020,1.766,356.3,348.5,2426.9,230,10,0.109393889,0.135224327,0.524013274,2426.398962,142928.2849,0.795421101,0.442210112,0.011166295,213.7642311,0.269429258,3,0.127166034,0.121972447,0.380245177,1460.864916,155573.9597,1.302265511,0.420519931,0.019250288,169.5113506,0.365947682,921.8747608,146.6811755
3/15/2020,1.762,353.1,338.9,2412.7,230,10,0.109746581,0.132801501,0.51939841,2412.207117,142400.2382,0.800188441,0.434528693,0.01115187,213.5221811,0.269749243,3,0.127329692,0.119945076,0.378385506,1452.95269,154443.3293,1.306089707,0.413607287,0.019168107,168.7687115,0.367606744,917.3190076,145.7427923
3/16/2020,1.758,349.9,329.2,2398.5,230,10,0.110093313,0.130385662,0.514727702,2398.015249,141862.9637,0.804898532,0.426856812,0.01113376,213.2726783,0.27007502,3,0.12748502,0.117920356,0.376540498,1445.05434,153294.7697,1.309776146,0.406698836,0.019081022,168.0063549,0.36928978,912.775734,144.7813907
3/17/2020,1.754,346.7,319.6,2384.3,230,10,0.110449614,0.127978512,0.509970882,2383.823307,141329.4341,0.809654,0.419199304,0.011111015,213.0158074,0.270404722,3,0.12764602,0.115900987,0.374693307,1437.225317,152139.0205,1.313418505,0.399802333,0.01898703,167.224138,0.370991955,908.3064889,143.7964617
3/18/2020,1.75,343.5,310,2370,230,10,0.110809985,0.125578628,0.505133534,2369.531299,140798.2548,0.814446822,0.41155518,0.011084587,212.7513291,0.270740835,3,0.12781074,0.113885329,0.372843514,1429.344089,150980.4461,1.317077961,0.392915115,0.018887993,166.4214728,0.372715868,903.8088962,142.7876418
3/19/2020,1.746,340.3,300.4,2355.8,230,10,0.111162862,0.123187284,0.500241452,2355.339287,140251.401,0.819132243,0.403922966,0.011052406,212.4779733,0.271080498,3,0.127962904,0.111873116,0.371018553,1421.564526,149793.9778,1.32048277,0.386032943,0.018781281,165.596121,0.374460195,899.3974494,141.7524079
3/20/2020,1.742,337.1,290.8,2341.6,230,10,0.111562408,0.120830244,0.49521099,2341.147033,139757.0293,0.824338409,0.396409534,0.011005448,212.1968057,0.271375115,3,0.128126297,0.109865917,0.369182891,1413.854702,148620.4953,1.323909775,0.379162554,0.01866737,164.7637084,0.376186858,895.0696184,140.7052654
3/21/2020,1.739,333.9,281.2,2327.3,230,10,0.111961824,0.118479677,0.490103238,2326.854746,139245.4439,0.829540821,0.388905816,0.010952626,211.9053718,0.271694606,3,0.12828351,0.10786029,0.367360141,1406.101011,147412.2407,1.32722018,0.372293582,0.018546295,163.9068217,0.377982623,890.7211305,139.6262574
3/22/2020,1.735,330.7,271.6,2313.1,230,10,0.112368866,0.116138621,0.484914234,2312.662391,138704.5609,0.834716904,0.381414915,0.010893026,211.6016757,0.27207051,3,0.128427193,0.105866538,0.365574379,1398.482991,146012.8569,1.330131177,0.365455431,0.018413204,163.0176924,0.380227391,886.5100488,138.5119942
3/23/2020,1.731,327.4,261.9,2298.9,230,10,0.11278062,0.113805898,0.479639409,2298.469993,138158.9332,0.839878967,0.373936798,0.010826846,211.2877014,0.272449359,3,0.128568865,0.10387798,0.363800805,1390.930037,144600.0584,1.332889479,0.358629425,0.018270755,162.1023738,0.382491893,882.3537637,137.3669745
3/24/2020,1.727,324.2,252.3,2284.6,230,10,0.113191753,0.111480403,0.47428363,2284.177558,137607.4508,0.845021053,0.366471287,0.010754919,210.9630226,0.272833187,3,0.128706693,0.101892977,0.362038887,1383.31649,143178.7403,1.335561709,0.351812685,0.01812085,161.1596793,0.384778642,878.1520028,136.1904249
3/25/2020,1.723,321,242.7,2270.4,230,10,0.113614779,0.109162422,0.468824875,2269.985065,137054.8182,0.850163632,0.359013695,0.010675015,210.6270634,0.273217119,3,0.12885009,0.099917927,0.360284832,1375.844047,141748.4343,1.338122187,0.345023904,0.017954717,160.1862343,0.387070936,874.0929693,134.9818729
3/26/2020,1.719,317.8,233.1,2256.2,230,10,0.114035741,0.106853331,0.463288397,2255.792546,136491.9062,0.85523583,0.351572049,0.01058777,210.279157,0.273602959,3,0.128991174,0.097961031,0.358558378,1368.395045,140305.6944,1.340610212,0.338295127,0.017765659,159.1759579,0.389362224,870.0480451,133.7394335
3/27/2020,1.716,314.6,223.5,2242,230,10,0.114472184,0.104550131,0.45763238,2241.599958,135933.0448,0.860355092,0.344135989,0.010492127,209.9188499,0.273988159,3,0.129139583,0.096008163,0.356832673,1361.025107,138860.1505,1.342990811,0.331574003,0.017564933,158.1348703,0.391651501,866.1052247,132.4621419
3/28/2020,1.712,311.4,213.9,2227.7,230,10,0.114918414,0.102254182,0.451866106,2227.307304,135377.2852,0.865511774,0.336713084,0.010388653,209.5458006,0.274373746,3,0.129292835,0.094060041,0.355110982,1353.622811,137416.3657,1.345316183,0.324865444,0.017353734,157.0619469,0.393936274,862.1522287,131.1490729
3/29/2020,1.708,308.2,204.2,2213.5,230,10,0.115363058,0.099963704,0.446008585,2213.114651,134805.6613,0.870547197,0.329292619,0.010275065,209.1578427,0.27475588,3,0.129434291,0.092114239,0.353419177,1346.340232,135949.7768,1.347292416,0.318158135,0.017129325,155.9528204,0.396211069,858.2985488,129.7951597
3/30/2020,1.704,305,194.6,2199.3,230,10,0.115824445,0.097684322,0.440031773,2198.92191,134241.5551,0.875625084,0.321895792,0.010151479,208.7562523,0.275131552,3,0.129583713,0.09017719,0.351733814,1339.145526,134487.5875,1.349141024,0.311475113,0.016891422,154.8107373,0.398454912,854.550222,128.4046232
3/31/2020,1.7,301.8,185,2185,230,10,0.116290231,0.095409736,0.433940662,2184.629141,133672.0991,0.880673274,0.314503954,0.010017394,208.3384579,0.275502016,3,0.129730187,0.088242281,0.350065905,1331.924717,133019.1692,1.35081046,0.304795461,0.016639845,153.6291351,0.400671854,850.7945319,126.958932
4/1/2020,1.696,298.5,175.4,2170.8,230,10,0.1167727,0.093145586,0.427726213,2170.4363,133107.3484,0.88571581,0.307131705,0.009871226,207.9049866,0.275859157,3,0.129881775,0.08631557,0.348411138,1324.866121,131552.6669,1.352246309,0.298136997,0.016372402,152.4106005,0.402831997,847.1946082,125.4673205
4/2/2020,1.693,295.3,165.8,2156.6,230,10,0.117267665,0.090887793,0.421381752,2156.243414,132543.0202,0.890736855,0.299767535,0.009712088,207.4537759,0.276201293,3,0.130013674,0.08440072,0.346814099,1317.892413,129902.9777,1.35310438,0.291510819,0.016084571,151.1404502,0.405444069,843.6851959,123.9283168
4/3/2020,1.689,292.1,156.2,2142.3,230,10,0.117769567,0.088637825,0.414915889,2141.950484,131978.9475,0.89572529,0.29241901,0.009540237,206.9841075,0.27652705,3,0.13013411,0.082494599,0.345257662,1310.877473,128176.6825,1.353611349,0.284909979,0.015779239,149.8209829,0.408233803,840.1570831,122.3407694
4/4/2020,1.685,288.9,146.6,2128.1,230,10,0.118292669,0.08639579,0.40830323,2127.757492,131422.5373,0.900699691,0.28508174,0.009352568,206.4948824,0.276824004,3,0.13026039,0.080594782,0.343717365,1304.042038,126468.7694,1.353816206,0.278323482,0.015453641,148.4559136,0.410898363,836.8165101,120.7035444
4/5/2020,1.681,285.7,136.9,2113.9,230,10,0.118823533,0.084161008,0.401562244,2113.564466,130866.1878,0.905588532,0.277756344,0.009149346,205.9844159,0.277089799,3,0.130381291,0.07869991,0.342208067,1297.276704,124778.8651,1.353677504,0.271748852,0.015108818,147.0417273,0.413415893,833.5492516,119.0134603
4/6/2020,1.677,282.5,127.3,2099.7,230,10,0.119381057,0.081935197,0.394657992,2099.371359,130328.1212,0.910506545,0.270447755,0.008928106,205.452321,0.27731095,3,0.130514069,0.076812325,0.340710472,1290.612464,123127.4193,1.353315396,0.265193318,0.014741495,145.5764423,0.415734173,830.4192628,117.2685363
4/7/2020,1.673,279.3,117.7,2085.4,230,10,0.119960668,0.07971768,0.387593271,2085.078174,129810.6592,0.915447196,0.263156275,0.008688858,204.8972637,0.277480791,3,0.130655217,0.074931455,0.339229523,1283.970838,121523.7719,1.352743212,0.258656463,0.014352153,144.0574756,0.417809323,827.3443138,115.4626895
4/8/2020,1.67,276.1,108.1,2071.2,230,10,0.120551929,0.077508808,0.380387467,2070.884964,129299.1801,0.920232283,0.255878767,0.008427857,204.315765,0.277578911,3,0.130787827,0.073056879,0.337794959,1277.522134,119956.4142,1.35162754,0.252133953,0.013936322,142.4802443,0.419566534,824.4501237,113.5823802
4/9/2020,1.666,272.8,98.5,2057,230,10,0.121184377,0.075313691,0.372997162,2056.691636,128833.4773,0.925117726,0.248634953,0.00814251,203.7082206,0.277569556,3,0.130937066,0.071190642,0.336372619,1271.191581,118470.6166,1.350270097,0.24563431,0.013493855,140.8490635,0.420910939,821.7059165,111.6445211
4/10/2020,1.662,269.6,88.9,2042.7,230,10,0.121875045,0.073141206,0.365409404,2042.398165,128441.3355,0.930267628,0.241456924,0.007824187,203.0725449,0.277362032,3,0.131072497,0.069336493,0.335017233,1264.902686,116927.3566,1.348270428,0.239169283,0.013019555,139.1610113,0.42222013,819.0394457,109.6517601
4/11/2020,1.658,266.4,79.2,2028.5,230,10,0.122605591,0.070976338,0.357661301,2028.204602,128103.1576,0.935378228,0.234288347,0.007479142,202.406396,0.276989181,3,0.131195906,0.067499071,0.333735458,1258.850821,115350.948,1.345433591,0.232751291,0.012509379,137.3979038,0.423351038,816.6411593,107.5929378
4/12/2020,1.654,263.2,69.6,2014.3,230,10,0.123373247,0.068822609,0.349759454,2014.010938,127833.1258,0.940427991,0.227142532,0.007105078,201.7076718,0.276404289,3,0.131329567,0.065671528,0.332489005,1252.930751,113951.676,1.342162828,0.226360893,0.011965091,135.5636871,0.423571932,814.4067865,105.4622645
4/13/2020,1.65,260,60,2000,230,10,0.124151519,0.066674456,0.341710688,1999.717251,127626.0302,0.945202663,0.22000221,0.006698691,200.9702001,0.275544756,3,0.131445675,0.063846758,0.331317223,1247.023895,112754.4438,1.338210674,0.219974905,0.011383981,133.644013,0.422643708,812.2213462,103.2404411
4/14/2020,1.646,256.7,59.3,1990.4,230,10,0.124292682,0.065749301,0.338764352,1990.118865,127770.5147,0.949473179,0.21708659,0.006743632,200.7772753,0.276022556,3,0.131608619,0.063064768,0.33029067,1239.751834,112661.6737,1.344176862,0.217360326,0.011440854,133.1889421,0.424003373,806.6309214,102.7337387
4/15/2020,1.643,253.4,58.7,1980.8,230,10,0.124415923,0.064842245,0.335882809,1980.520435,127915.6299,0.953715295,0.214230044,0.006795726,200.5886086,0.276528031,3,0.13176688,0.06229603,0.329271923,1232.395336,112578.7721,1.350321258,0.214792679,0.011508203,132.7475353,0.425426311,800.9349613,102.2340897
4/16/2020,1.639,250.1,58,1971.2,230,10,0.124546614,0.063939944,0.332978039,1970.921974,128073.9268,0.958038008,0.211384886,0.006848461,200.3989001,0.277036488,3,0.131934927,0.061530477,0.328241519,1225.056729,112507.2859,1.356601669,0.212233711,0.011576482,132.3047195,0.426851532,795.2705832,101.7333358
4/17/2020,1.635,246.8,57.4,1961.5,230,10,0.124670451,0.063037014,0.330056958,1961.223527,128232.6266,0.962374372,0.208535052,0.006902632,200.2063691,0.277554621,3,0.13210079,0.060762297,0.327210141,1217.622537,112435.8363,1.362985479,0.209664929,0.011647222,131.8553315,0.428305975,789.5254801,101.2264332
4/18/2020,1.632,243.6,56.8,1951.9,230,10,0.124799177,0.062137884,0.327116423,1951.625065,128399.6597,0.96673367,0.205691937,0.006957098,200.0114798,0.278073887,3,0.132271168,0.05999688,0.326174799,1210.297927,112368.5797,1.369380045,0.207102107,0.011718159,131.4036554,0.429756708,783.8856076,100.7184106
4/19/2020,1.628,240.3,56.2,1942.3,230,10,0.124913814,0.061243112,0.324189446,1942.026624,128538.6744,0.970992405,0.202858431,0.007011915,199.8098997,0.278642079,3,0.132434256,0.059237038,0.325157491,1202.953343,112296.8365,1.375741546,0.204556352,0.011785615,130.9416201,0.431196626,778.2216159,100.2048164
4/20/2020,1.624,237,55.6,1932.7,230,10,0.125036003,0.060351075,0.3212333,1932.428156,128689.6105,0.97533325,0.200029795,0.007067525,199.6064723,0.279218329,3,0.132607302,0.058490927,0.324145606,1195.625679,112237.5826,1.382176671,0.202054696,0.011842046,130.467836,0.432565356,772.5909709,99.69031198
4/21/2020,1.621,233.7,55,1923.1,230,10,0.125147504,0.059463902,0.31828339,1922.829706,128835.5808,0.979619038,0.197213301,0.007123879,199.4005922,0.279800265,3,0.132773784,0.057746584,0.323144359,1188.276384,112174.7597,1.388612088,0.199557473,0.011899678,129.9891576,0.433948577,766.9358607,99.17171529
4/22/2020,1.617,230.4,54.3,1913.5,230,10,0.125267029,0.058577275,0.315296946,1913.231233,128995.3111,0.983993041,0.194394548,0.007181237,199.1918337,0.280388638,3,0.132950395,0.057001821,0.322127504,1180.955288,112121.6259,1.395175774,0.197056388,0.011958271,129.5070159,0.43533599,761.3186603,98.65042333
4/23/2020,1.614,227.1,53.7,1903.9,230,10,0.125385193,0.057693372,0.312295092,1903.632758,129159.6937,0.988384273,0.191580863,0.007239505,198.9803303,0.280983166,3,0.133128896,0.056257727,0.321108007,1173.635134,112071.5696,1.401808171,0.194555613,0.012018013,129.020266,0.436733821,755.7049578,98.12540588
4/24/2020,1.61,223.8,53.1,1894.2,230,10,0.125495553,0.056811286,0.309283007,1893.934293,129324.1133,0.99278459,0.18877069,0.007299269,198.7651595,0.281588996,3,0.133305262,0.055512894,0.320089648,1166.224313,112022.2356,1.408546105,0.192051438,0.012079815,128.5266456,0.438156912,750.0128937,97.59430233
4/25/2020,1.606,220.5,52.5,1884.6,230,10,0.125610926,0.055932885,0.306249759,1884.335813,129498.2683,0.997211368,0.185967415,0.007359435,198.5479867,0.282196058,3,0.133486813,0.054770279,0.319066127,1158.922646,111977.7568,1.415299489,0.189551614,0.012141829,128.0309999,0.439573518,744.4273469,97.06252183
4/26/2020,1.603,217.3,51.9,1875,230,10,0.125715225,0.055059479,0.303222494,1874.73735,129667.2945,1.001580449,0.183176908,0.007420444,198.3273152,0.282809995,3,0.133648012,0.054034524,0.318079986,1151.598129,111845.2889,1.42183368,0.187072816,0.012203368,127.5253224,0.441290814,738.8157699,96.52589703
4/27/2020,1.599,214,51.3,1865.4,230,10,0.125827999,0.054186527,0.30015629,1865.138864,129852.6017,1.00604677,0.180384079,0.007482609,198.1050856,0.283428782,3,0.133819604,0.053298455,0.317078173,1144.293623,111718.9067,1.428506646,0.184590709,0.012265977,127.0167184,0.443031954,733.2422295,95.98764854
4/28/2020,1.595,210.7,50.7,1855.8,230,10,0.125929741,0.053316558,0.297089407,1855.5404,130032.5463,1.010455535,0.17759738,0.007545813,197.8778849,0.284056595,3,0.133984752,0.052562446,0.316084884,1136.968636,111588.1628,1.43518325,0.182107187,0.012330163,126.5011243,0.444794707,727.6450761,95.44245425
4/29/2020,1.592,207.4,50,1846.2,230,10,0.126039275,0.052449303,0.293990974,1845.94191,130228.364,1.014956986,0.174815923,0.007610077,197.6486771,0.284689307,3,0.134160623,0.051827603,0.315076991,1129.670139,111469.6447,1.442006639,0.179625532,0.012395429,125.9828936,0.446558429,722.0905641,94.89705915
4/30/2020,1.588,204.1,49.4,1836.5,230,10,0.126141102,0.05158396,0.290880208,1836.24343,130425.9535,1.019473126,0.172038393,0.00767605,197.4162113,0.285332886,3,0.134335542,0.05109185,0.314068106,1122.270202,111353.617,1.448968635,0.177140033,0.012463183,125.4574338,0.448352126,716.4462362,94.34529698
5/1/2020,1.584,200.8,48.8,1826.9,230,10,0.126247227,0.050724513,0.287755126,1826.64493,130633.5838,1.024011618,0.169275495,0.007742381,197.1810936,0.285977696,3,0.134515855,0.050359919,0.313055669,1114.979197,111244.5355,1.455953147,0.174664732,0.012531135,124.9306347,0.450134696,710.9061998,93.79360449
5/2/2020,1.581,197.5,48.2,1817.3,230,10,0.126342836,0.049865905,0.284620281,1817.046455,130837.5287,1.02849872,0.166511753,0.007810042,196.941061,0.286631779,3,0.134689009,0.04962652,0.312051131,1107.679491,111128.9801,1.462925126,0.172182578,0.012600891,124.3948533,0.451943471,705.3537086,93.23441702
5/3/2020,1.577,194.2,47.6,1807.7,230,10,0.126446191,0.049010089,0.281453251,1807.447953,131058.4991,1.033081657,0.163753658,0.007878892,196.6987725,0.287290897,3,0.134873828,0.048894153,0.311030516,1100.39701,111026.9227,1.470069531,0.169701994,0.012671992,123.8562463,0.453754096,699.8379415,92.66233076
5/4/2020,1.573,191,47,1798.1,230,10,0.126557221,0.04815961,0.278262986,1797.849437,131294.1324,1.037741801,0.161009257,0.007945742,196.4497443,0.287933283,3,0.135062146,0.048162111,0.310004571,1093.119394,110932.3684,1.477316802,0.16722075,0.012744705,123.3156936,0.455567828,694.3367967,92.08904145
5/5/2020,1.57,187.7,46.4,1788.5,230,10,0.126674099,0.0473163,0.275059382,1788.250919,131538.8086,1.042444164,0.158284231,0.00800788,196.1878892,0.288543996,3,0.135245632,0.047429754,0.308984222,1085.828238,110838.3827,1.484598307,0.164736856,0.012819358,122.7726015,0.457390692,688.8220969,91.51022369
5/6/2020,1.566,184.4,45.7,1778.9,230,10,0.12679905,0.046477139,0.271828051,1778.65237,131801.1942,1.047244554,0.155569492,0.008071083,195.9241184,0.289159482,3,0.135440489,0.046700179,0.307950198,1078.564422,110759.0613,1.492050005,0.162260588,0.012895242,122.2284401,0.459208952,683.3493123,90.93118053
5/7/2020,1.563,181.1,45.1,1769.2,230,10,0.126917122,0.045637367,0.268573134,1768.953835,132067.0532,1.052067917,0.152850278,0.008136339,195.6550937,0.289788605,3,0.135634643,0.045968098,0.306912839,1071.200802,110681.2531,1.499657086,0.159774817,0.012974282,121.6743064,0.461065946,677.789381,90.34361228
5/8/2020,1.559,177.8,44.5,1759.6,230,10,0.127040445,0.044800404,0.265291691,1759.355286,132346.0431,1.056923519,0.150135848,0.0082024,195.3834901,0.290420574,3,0.135834729,0.045238077,0.305869499,1063.943574,110610.083,1.507298694,0.157293329,0.013053942,121.1173097,0.462914717,672.329739,89.75475258
5/9/2020,1.555,174.5,43.9,1750,230,10,0.127153576,0.043965608,0.262001596,1749.756758,132623.5551,1.061730906,0.147425237,0.00826988,195.1077435,0.291061122,3,0.136028748,0.044508109,0.304833801,1056.671696,110535.9426,1.514962669,0.154810423,0.013135774,120.5530529,0.464784886,666.8528339,89.16007492
5/10/2020,1.552,171.2,43.3,1740.4,230,10,0.127274763,0.043132974,0.258675611,1740.158204,132920.1041,1.066639876,0.144718392,0.008338816,194.828359,0.291709119,3,0.136231321,0.043788887,0.30380306,1049.421227,110470.8351,1.522631464,0.152361535,0.013205842,119.9755333,0.466575401,661.4159551,88.56410137
5/11/2020,1.548,167.9,42.7,1730.8,230,10,0.127385082,0.042304705,0.255348176,1730.559671,133214.5705,1.071494681,0.142022776,0.008409059,194.5442605,0.292365859,3,0.136426309,0.043076689,0.302793164,1042.149477,110400.8193,1.530224376,0.149934795,0.01327006,119.3853562,0.468337053,655.9574967,87.96296188
5/12/2020,1.544,164.6,42,1721.2,230,10,0.127504041,0.041476416,0.251988041,1720.961119,133528.8652,1.076459728,0.139323701,0.0084811,194.2568547,0.293030275,3,0.136634094,0.042363512,0.301764053,1034.901,110344.9131,1.538001945,0.147502701,0.013335777,118.7917761,0.470096505,650.542171,87.36016
5/13/2020,1.541,161.4,41.4,1711.6,230,10,0.127621815,0.040650318,0.24861246,1711.362564,133852.3632,1.081453713,0.13662862,0.008554794,193.9652392,0.293703182,3,0.136845007,0.041650719,0.300730624,1027.659735,110294.2511,1.545874672,0.145070168,0.013403053,118.192288,0.471863179,645.1390732,86.75320873
5/14/2020,1.537,158.1,40.8,1701.9,230,10,0.127732059,0.03982588,0.245218902,1701.664019,134181.274,1.086472175,0.133936713,0.008630825,193.6680095,0.294390027,3,0.137056308,0.040937004,0.29969421,1020.323266,110248.2973,1.553920475,0.142633581,0.01347305,117.5846102,0.473655949,639.6524687,86.13993219
5/15/2020,1.533,154.8,40.2,1692.3,230,10,0.127847338,0.039004207,0.241797439,1692.065458,134526.2983,1.091526071,0.131249824,0.008708052,193.3676487,0.295080396,3,0.137274305,0.040224857,0.298650777,1013.092214,110209.5657,1.562005059,0.140199805,0.013543709,116.9735987,0.475436162,634.2663718,85.525323
5/16/2020,1.53,151.5,39.6,1682.7,230,10,0.127951505,0.038186936,0.238374,1682.466916,134870.8006,1.096526579,0.12857446,0.008786906,193.0619945,0.295780224,3,0.137486439,0.03951435,0.297616595,1005.845685,110168.3863,1.570113558,0.13777021,0.013616197,116.3541711,0.477233204,628.8629591,84.90355468
5/17/2020,1.526,148.2,39,1673.1,230,10,0.128064108,0.037369707,0.234905038,1672.868351,135239.4089,1.101642401,0.125895976,0.008867972,192.7524621,0.296488592,3,0.137704041,0.038805779,0.296578257,998.6229845,110090.7376,1.578280831,0.135345057,0.013689209,115.7291,0.479216752,623.5047245,84.28154594
5/18/2020,1.522,144.9,38.4,1663.5,230,10,0.128165716,0.036554824,0.231425052,1663.269807,135609.1272,1.106707923,0.123222155,0.008951094,192.4367627,0.297208098,3,0.137905804,0.038101099,0.295567518,991.3801505,109940.946,1.586290755,0.132931446,0.013762651,115.0920398,0.481480014,618.1295257,83.65260053
5/19/2020,1.519,141.6,37.7,1653.9,230,10,0.128275429,0.035742081,0.227906776,1653.671237,136003.7872,1.111888396,0.120552319,0.009036379,192.1175801,0.297935102,3,0.138120679,0.037397058,0.294539242,984.1693465,109808.2998,1.594495013,0.130518207,0.013837741,114.4521487,0.48373206,612.8035616,83.01352844
5/20/2020,1.515,138.3,37.1,1644.2,230,10,0.128377281,0.034931148,0.224367784,1643.972675,136407.2087,1.117098426,0.117886198,0.009124596,191.7919675,0.298677219,3,0.138336979,0.036692007,0.293506227,976.8612475,109682.3903,1.602903292,0.128100638,0.013916122,113.803151,0.486013058,607.396029,82.36454439
5/21/2020,1.511,135.1,36.5,1634.6,230,10,0.128483686,0.034125011,0.220806734,1634.374095,136829.981,1.122344598,0.115232244,0.009214243,191.4632777,0.29942204,3,0.138560849,0.035990056,0.292466883,969.6525494,109567.0794,1.611372556,0.125691496,0.013995293,113.150814,0.488274249,602.0863419,81.71522173
5/22/2020,1.508,131.8,35.9,1625,230,10,0.128579,0.033319193,0.217224057,1624.77554,137257.1605,1.12754397,0.112576226,0.009306675,191.1271757,0.300180154,3,0.138779475,0.035286255,0.29143221,962.4367559,109449.1424,1.619868546,0.123274339,0.014077144,112.4880239,0.490557494,596.7690814,81.05834266
5/23/2020,1.504,128.5,35.3,1615.4,230,10,0.12868223,0.032515547,0.213601482,1615.176959,137712.8005,1.13286348,0.109924413,0.009401755,190.7871573,0.300946308,3,0.139011889,0.034583065,0.290379163,955.2481591,109348.7459,1.628580795,0.120857524,0.014161043,111.8211866,0.492831456,591.4952192,80.40036784
5/24/2020,1.501,125.2,34.7,1605.8,230,10,0.128783711,0.031714181,0.209951376,1605.578376,138186.0684,1.138220469,0.107277188,0.009499624,190.4417574,0.301722452,3,0.139249437,0.033879998,0.289318763,948.060638,109257.5182,1.637440743,0.118439562,0.014247461,111.1474307,0.495110506,586.2347674,79.73854043
5/25/2020,1.497,121.9,34.1,1596.2,230,10,0.128873612,0.030915229,0.206285898,1595.979814,138665.513,1.143528931,0.104635031,0.00960043,190.0890774,0.30251101,3,0.139483053,0.033176536,0.288262509,940.8601564,109167.6761,1.646364194,0.116018762,0.014336787,110.4656421,0.497402595,580.9639265,79.07116209
5/26/2020,1.493,118.6,33.4,1586.6,230,10,0.128971087,0.030120531,0.202587863,1586.381222,139175.7426,1.148959213,0.102004183,0.009704011,189.7327757,0.303306439,3,0.139730893,0.032475332,0.287189122,933.6861996,109097.2116,1.655522523,0.113604124,0.014428239,109.7806596,0.499679848,575.7330158,78.40424392
5/27/2020,1.49,115.3,32.8,1576.9,230,10,0.129060271,0.029325762,0.198856352,1576.682642,139702.0791,1.154428706,0.099370722,0.009811976,189.36814,0.304120032,3,0.139980972,0.03177148,0.286107819,926.4153988,109032.8712,1.664918435,0.111179314,0.01452424,109.0826324,0.501996733,570.4270904,77.72729107
5/28/2020,1.486,112,32.2,1567.3,230,10,0.129173639,0.028533635,0.195070495,1567.084036,140268.0864,1.160002592,0.096741071,0.009912152,188.9926399,0.304891792,3,0.1402381,0.031072924,0.285028192,919.2645331,108981.9894,1.674229108,0.10876993,0.014612454,108.3848247,0.504198177,565.2421495,77.05864421
5/29/2020,1.482,108.8,31.6,1557.7,230,10,0.129278246,0.027743116,0.191259909,1557.48545,140846.9387,1.165539543,0.094113704,0.010014479,188.6085465,0.305671956,3,0.140485829,0.030381751,0.283976554,912.1022594,108922.8161,1.683287565,0.106383591,0.014687739,107.668438,0.506304105,560.0489585,76.38453043
5/30/2020,1.479,105.5,31,1548.1,230,10,0.12939035,0.02695393,0.187402404,1547.886837,141463.5759,1.171206615,0.091487936,0.010120847,188.2196136,0.306464384,3,0.140748915,0.029690778,0.282904931,904.9661402,108882.6128,1.692579358,0.103996266,0.014765198,106.9472916,0.508390494,554.9012395,75.70933356
5/31/2020,1.475,102.2,30.4,1538.5,230,10,0.129486967,0.026169686,0.183542214,1538.288243,142064.4253,1.176770106,0.088875738,0.010230275,187.8194922,0.307326804,3,0.141009407,0.029000755,0.281837512,897.8126898,108846.33,1.701950491,0.101610907,0.01484527,106.2184226,0.510475706,549.7386397,75.03012106
6/1/2020,1.471,98.9,29.7,1528.9,230,10,0.129586569,0.025386061,0.179638313,1528.689629,142670.1754,1.182395314,0.086262449,0.010343756,187.4085944,0.308278665,3,0.141285715,0.02830883,0.280747501,890.6876287,108828.1128,1.711558209,0.099217179,0.014928162,105.4831009,0.512545356,544.6206307,74.34857007
6/2/2020,1.468,95.6,29.1,1519.3,230,10,0.129683203,0.024604683,0.175700649,1519.091012,143304.4827,1.188061798,0.083653953,0.010462,186.9906428,0.309249128,3,0.141568659,0.027617289,0.279649284,883.5682135,108821.1653,1.721327952,0.096823263,0.015013842,104.7402706,0.514605191,539.5211873,73.66412495
6/3/2020,1.464,92.3,28.5,1509.6,230,10,0.129770427,0.023824501,0.171728447,1509.392405,143963.8011,1.19377066,0.081047224,0.010586272,186.5631772,0.310246155,3,0.141855284,0.026924541,0.278543488,876.3599615,108822.472,1.731347563,0.094424144,0.015103788,103.9862482,0.51668917,534.3602131,72.96044957
6/4/2020,1.46,89,22,1500,230,10,0.130909161,0.022295103,0.162002231,1499.79692,144752.7989,1.196194548,0.075774501,0.009649611,185.2819561,0.308888077,3,0.142073126,0.02564064,0.278400391,875.5269669,108779.2739,1.715196382,0.089839758,0.013937039,101.5696643,0.504527324,536.5370355,70.59574538
6/5/2020,1.451,88.1,22,1494.2,230,10,0.130201627,0.022101524,0.161712822,1493.998781,144030.6886,1.193047653,0.075145464,0.009722789,185.0138141,0.309563064,3,0.141562078,0.025422705,0.278750847,869.1812032,108176.1367,1.716643401,0.089109391,0.014037203,101.0899592,0.507361209,530.7137764,70.15380439
6/6/2020,1.442,87.2,22,1488.5,230,10,0.129498901,0.021908326,0.16141838,1488.300627,143313.3946,1.189874785,0.074516716,0.009796457,184.7448009,0.31023831,3,0.141055802,0.025205052,0.279095322,862.921328,107580.2301,1.718087299,0.08837902,0.014138697,100.6112986,0.510205475,524.9739826,69.71492013
6/7/2020,1.433,86.3,21.9,1482.7,230,10,0.12879845,0.021715001,0.161115626,1482.502458,142601.7104,1.186767643,0.073887525,0.00987197,184.4728033,0.310924178,3,0.140558255,0.024986128,0.279423311,856.5701298,106997.7719,1.719814786,0.087644207,0.014243806,100.1296963,0.513105932,519.172996,69.27548811
6/8/2020,1.424,85.4,21.9,1476.9,230,9,0.128086498,0.021522,0.160810023,1476.704309,141877.1886,1.183539782,0.073258914,0.009948644,184.1958327,0.311619747,3,0.140053022,0.024766175,0.279757955,850.1841306,106411.1121,1.721550371,0.086905451,0.014351991,99.64210041,0.516067787,513.3363273,68.83265797
6/9/2020,1.414,84.5,21.9,1471.2,230,9,0.127379387,0.021329369,0.160402169,1471.006138,141178.98,1.180286262,0.072630574,0.010025867,183.9180341,0.312315535,3,0.13955254,0.024546491,0.280086291,843.8861271,105831.8469,1.72328455,0.086166637,0.014461687,99.15602328,0.519040521,507.5857322,68.39359282
6/10/2020,1.405,83.6,21.9,1465.4,230,9,0.126674506,0.021136618,0.159985732,1465.20794,140486.187,1.177098015,0.072001806,0.010105047,183.6371051,0.313022292,3,0.139061555,0.024325403,0.280395946,837.4935643,105267.3865,1.725330031,0.085422914,0.014575437,98.66780063,0.522072426,501.7770136,67.9558032
6/11/2020,1.396,82.7,21.9,1459.6,230,9,0.12596811,0.020944066,0.159567236,1459.409724,139791.5985,1.17388211,0.071373202,0.010185511,183.3530472,0.313736275,3,0.138571988,0.024103735,0.280700404,831.0909949,104707.2152,1.727469181,0.084676672,0.014692201,98.17578212,0.525154412,495.9669454,67.51995203
6/12/2020,1.387,81.8,21.8,1453.8,230,9,0.125250114,0.020751838,0.159157043,1453.611516,139081.3405,1.170542727,0.070745181,0.010267254,183.0636672,0.314460585,3,0.138074384,0.023881042,0.281011456,824.6571304,104142.4727,1.729616212,0.083926454,0.014812462,97.67732577,0.528304211,490.1276586,67.08049796
6/13/2020,1.377,80.9,21.8,1448.1,230,9,0.124536929,0.020559987,0.158740987,1447.913293,138375.9109,1.16717698,0.070117482,0.010349633,182.7732184,0.315185434,3,0.137581469,0.023658621,0.281315787,818.3131039,103585.1751,1.73176495,0.083176181,0.014934525,97.18071253,0.531466875,484.3761191,66.6448025
6/14/2020,1.368,80,21.8,1442.3,230,9,0.123825962,0.020368011,0.158316014,1442.115055,137676.098,1.163876623,0.069489323,0.010434136,182.4796421,0.315921466,3,0.13709778,0.023434838,0.281600659,811.8773963,103041.9411,1.734233189,0.082421084,0.015061168,96.68094968,0.534697777,478.5624453,66.20749864
6/15/2020,1.359,79.1,21.8,1436.5,230,9,0.123103336,0.020176354,0.157899354,1436.316836,136960.5576,1.160450868,0.068861735,0.010520019,182.1805274,0.316668244,3,0.136604758,0.023211564,0.281897195,805.4044762,102492.7951,1.736640521,0.081667173,0.015187936,96.17226736,0.537970473,472.7165501,65.76781814
6/16/2020,1.35,78.2,21.8,1430.8,230,9,0.122385521,0.019985073,0.157476637,1430.618603,136249.9202,1.15699858,0.068234484,0.010606613,181.88025,0.317415693,3,0.13610612,0.022997766,0.282224409,799.0187437,101939.0307,1.738526687,0.080944218,0.015294316,95.65330252,0.541068662,466.9575821,65.3155016
6/17/2020,1.34,77.2,21.8,1425,230,9,0.121669819,0.019793691,0.157045022,1424.820356,135544.7112,1.153610305,0.067606844,0.010695463,181.5764557,0.31817498,3,0.135616695,0.022782755,0.28253238,792.5430897,101399.4148,1.740724345,0.080216951,0.015404488,95.13139397,0.544227765,461.147824,64.8648852
6/18/2020,1.331,76.3,21.7,1419.2,230,9,0.120942385,0.019602628,0.156621757,1419.022127,134823.6764,1.150094482,0.066979773,0.010785805,181.2668413,0.318945521,3,0.13512017,0.022566677,0.282845136,786.0261936,100856.5612,1.74295676,0.079485613,0.015518072,94.60282528,0.547457188,455.3055876,64.41147754
6/19/2020,1.322,75.4,21.7,1413.5,230,9,0.120219762,0.019411938,0.156192232,1413.323885,134107.6224,1.146551949,0.066353054,0.010876943,180.9559569,0.319716883,3,0.134629204,0.022350709,0.283149301,779.5933402,100322.2142,1.745214648,0.078753758,0.015633556,94.07690407,0.550699117,449.5429427,63.96247449
6/20/2020,1.313,74.5,21.7,1407.7,230,9,0.1194992,0.019221157,0.155753661,1407.525627,133397.0045,1.143072806,0.065725963,0.010970486,180.641366,0.32050049,3,0.134147215,0.022133591,0.283433636,773.0715299,99801.115,1.747791262,0.07801777,0.01575322,93.54664517,0.554010978,443.7256008,63.51274092
6/21/2020,1.304,73.6,21.7,1401.9,230,9,0.118776991,0.019030579,0.155312676,1401.727366,132684.5966,1.139562885,0.065099065,0.011065681,180.3230548,0.321292433,3,0.133667472,0.021915762,0.28370997,766.539251,99286.12707,1.750492246,0.077278807,0.015876254,93.01399636,0.557374873,437.9100262,63.06357573
6/22/2020,1.294,72.7,21.7,1396.2,230,9,0.118039287,0.018840597,0.154886778,1396.029136,131949.024,1.135828261,0.064473276,0.011161695,179.9985988,0.322092214,3,0.133172976,0.02169742,0.284004412,760.0475347,98759.13807,1.753016016,0.076537314,0.016002133,92.47488053,0.560799466,432.1178387,62.61208892
6/23/2020,1.285,71.8,21.6,1390.4,230,9,0.117313741,0.018650422,0.154440896,1390.230869,131233.0123,1.132255262,0.063846764,0.011260315,179.6726117,0.322901237,3,0.13269652,0.021478808,0.284267109,753.489462,98245.3131,1.755951192,0.075794634,0.016131919,91.93688928,0.56432836,426.3105326,62.16312663
6/24/2020,1.276,70.9,21.6,1384.6,230,9,0.116586508,0.01846045,0.153992472,1384.4326,130515.218,1.128650463,0.063220454,0.011360724,179.342695,0.323718972,3,0.13220983,0.021264876,0.284550469,746.9163743,97645.03276,1.758749023,0.07506768,0.016261917,91.39561284,0.568361082,420.5081122,61.71910951
6/25/2020,1.267,70,21.6,1378.9,230,9,0.115843725,0.018271065,0.153559178,1378.734361,129774.1795,1.124818414,0.062595235,0.011462059,179.0063278,0.324545047,3,0.131709035,0.021050203,0.284850444,740.380222,97034.79392,1.761389441,0.074337438,0.016395219,90.84826684,0.572466675,414.7253385,61.27267994
6/26/2020,1.257,69.1,21.6,1373.1,230,9,0.11511933,0.018081576,0.153101434,1372.936089,129049.0714,1.12110497,0.06196888,0.011557814,178.6584475,0.325362079,3,0.131228967,0.020834193,0.285111572,733.7813243,96453.62192,1.764509787,0.073602289,0.016533472,90.30438524,0.57662101,408.9303069,60.82029208
6/27/2020,1.248,68.2,21.6,1367.3,230,9,0.114394171,0.017892229,0.152639899,1367.137814,128321.6454,1.117352337,0.061342426,0.011654061,178.3049636,0.326185631,3,0.130752108,0.020617192,0.285361222,727.1687187,95881.26047,1.767797304,0.072863204,0.016676118,89.75828479,0.580843245,403.1379653,60.36296363
6/28/2020,1.239,67.3,21.5,1361.5,230,9,0.113657024,0.017703107,0.152186242,1361.339557,127578.195,1.113465398,0.060716261,0.011752132,177.9447763,0.327022619,3,0.130269486,0.020398715,0.28561054,720.5105864,95309.17334,1.7711851,0.072118593,0.016823937,89.20645418,0.585162766,397.313713,59.90477123
6/29/2020,1.23,66.4,21.5,1355.8,230,9,0.112924533,0.017514271,0.151725101,1355.641286,126840.1487,1.109552579,0.060090241,0.011851404,177.5832054,0.32786182,3,0.129791405,0.020180438,0.285851321,713.9411825,94744.21713,1.774595242,0.071373765,0.016974726,88.65367494,0.589519896,391.5745225,59.449707
6/30/2020,1.22,65.5,21.5,1350,230,9,0.112194003,0.017325289,0.151253713,1349.842999,126107.567,1.105700436,0.059463636,0.011953389,177.2171188,0.328714825,3,0.129324999,0.019960409,0.286062884,707.2781826,94198.5965,1.778437561,0.070622652,0.01713189,88.09951274,0.593968272,385.790229,58.99522993
7/1/2020,1.211,64.6,21.5,1344.2,230,9,0.111461648,0.017136429,0.150778881,1344.044709,125373.29,1.101814534,0.058836982,0.012057407,176.8466791,0.329577986,3,0.128850228,0.019747363,0.286301455,700.6014458,93648.69612,1.781925978,0.06989481,0.017272046,87.53212013,0.598300779,380.012848,58.54602917
7/2/2020,1.202,63.7,21.5,1338.5,230,9,0.110713444,0.016948046,0.150318784,1338.346447,124615.7329,1.097696717,0.058211127,0.012162699,176.4693146,0.330451625,3,0.128356542,0.019536975,0.286572963,693.9562859,93083.42617,1.785039222,0.06917532,0.017406371,86.95347507,0.602632946,374.2559153,58.09571484
7/3/2020,1.193,62.8,21.4,1332.7,230,9,0.109977399,0.016759418,0.149836835,1332.548149,123878.1495,1.093741992,0.057584344,0.012270963,176.089989,0.331335546,3,0.127883671,0.019325508,0.286803378,687.2478878,92545.62224,1.788657743,0.068451794,0.017545609,86.3763377,0.607024079,368.4915115,57.65113493
7/4/2020,1.184,61.9,21.4,1326.9,230,9,0.109235319,0.016572798,0.149371234,1326.749847,123093.7802,1.089666452,0.056963719,0.012379622,175.7004523,0.33234001,3,0.12741445,0.019113087,0.287020153,680.523871,92016.97001,1.792469023,0.067724459,0.01768938,85.79675777,0.611488607,362.7341478,57.2093397
7/5/2020,1.174,61,21.4,1321.2,230,9,0.108475939,0.016387272,0.148927378,1321.051573,122270.6424,1.085326715,0.05634595,0.012489044,175.3016401,0.33339561,3,0.126931596,0.018899826,0.287251541,673.8300756,91479.28206,1.796152719,0.06699352,0.017837271,85.21070004,0.616041127,356.9923748,56.75189616
7/6/2020,1.165,60.1,21.4,1315.4,230,9,0.107728784,0.016201461,0.148461125,1315.253263,121468.1714,1.081151599,0.055727122,0.012601647,174.9006823,0.334463363,3,0.126470244,0.018685412,0.28743879,667.0718598,90969.88075,1.80037966,0.066258264,0.017990795,84.62657422,0.620659977,351.2467003,56.29269817
7/7/2020,1.156,59.2,21.4,1309.6,230,9,0.106979768,0.016015737,0.147991028,1309.454949,120664.2509,1.076940826,0.055108146,0.012716643,174.4947752,0.335544893,3,0.126012892,0.018469974,0.287610422,660.2984332,90470.34922,1.804824189,0.065518926,0.01814954,84.04053197,0.625358719,345.5114675,55.84076366
7/8/2020,1.147,58.3,21.4,1303.9,230,9,0.106214798,0.015830457,0.147535911,1303.756662,119836.6953,1.072492136,0.054489896,0.012833194,174.0809651,0.336642042,3,0.125542253,0.018253594,0.287795058,653.5543285,89962.88731,1.809162413,0.064775621,0.018313113,83.44884514,0.630150969,339.7938559,55.39007027
7/9/2020,1.137,57.4,21.3,1298.1,230,9,0.10546196,0.015644911,0.147058059,1297.95834,119029.7465,1.068207686,0.053870646,0.012953195,173.6646327,0.3377523,3,0.125093901,0.018035935,0.287932108,646.7469704,89485.26531,1.814085889,0.064027519,0.018483174,82.86064701,0.635013366,334.0763082,54.9468781
7/10/2020,1.128,56.5,21.3,1292.3,230,9,0.104707182,0.015459456,0.146576155,1292.160013,118221.3242,1.063886039,0.053251259,0.013075833,173.2429483,0.338877316,3,0.124649023,0.017817421,0.288053182,639.9218477,89015.05378,1.819238521,0.06327591,0.018659218,82.26662761,0.639980619,328.3680196,54.50511423
7/11/2020,1.119,55.6,21.3,1286.5,230,9,0.103950443,0.015274089,0.146090101,1286.361682,117411.4502,1.059526775,0.052631733,0.013201196,172.8158024,0.340017384,3,0.124208668,0.017597749,0.288155602,633.0835786,88556.22143,1.824647117,0.062519716,0.018841626,81.67212115,0.645035206,322.6702799,54.06832369
7/12/2020,1.11,54.6,21.3,1280.8,230,9,0.103177661,0.015089147,0.145618933,1280.663379,116577.9443,1.054925895,0.052012891,0.01332841,172.3801515,0.341174491,3,0.123755223,0.017377081,0.288269127,626.2720418,88089.94945,1.829978234,0.061759344,0.019030022,81.07150107,0.65019891,316.993801,53.62623054
7/13/2020,1.1,53.7,21.3,1275,230,9,0.102416935,0.014903952,0.145124342,1274.865042,115765.2165,1.050489605,0.051393069,0.013459497,171.9416969,0.342345643,3,0.1233241,0.017155178,0.288332271,619.3991858,87652.70399,1.835934459,0.060994277,0.019226221,80.47260563,0.655454304,311.3201574,53.18044391
7/14/2020,1.091,52.8,21.2,1269.2,230,9,0.101654184,0.014718841,0.144625284,1269.0667,114951.1111,1.046014412,0.0507731,0.013593605,171.4974321,0.343532777,3,0.122882192,0.016940732,0.288425412,612.5059811,87186.17575,1.841530735,0.060254476,0.019405131,79.86101531,0.660772039,305.6565583,52.7314161
7/15/2020,1.082,51.9,21.2,1263.5,230,9,0.100875322,0.01453414,0.144141003,1263.368385,114113.3926,1.041294776,0.050153776,0.013729827,171.0441692,0.344738127,3,0.122409321,0.01673394,0.288582072,605.6358216,86608.31373,1.846451056,0.059540707,0.019571898,79.23935773,0.6667082,300.0160635,52.28564595
7/16/2020,1.073,51,21.2,1257.7,230,9,0.100108667,0.014349131,0.143631959,1257.570034,113297.5241,1.036743642,0.049533283,0.013870322,170.5889937,0.345956423,3,0.12195968,0.016525742,0.288686163,598.7083217,86064.49912,1.852011529,0.058821662,0.019745528,78.62170066,0.672715828,294.3805401,51.85003823
7/17/2020,1.064,50.1,21.2,1251.9,230,9,0.09933975,0.014164252,0.143118688,1251.771679,112479.6465,1.032149408,0.048912792,0.014014157,170.126767,0.347193143,3,0.12151523,0.016316344,0.288768494,591.7633007,85533.74662,1.857867855,0.058097921,0.019925739,78.00139527,0.678832422,288.7603085,51.41290516
7/18/2020,1.054,49.2,21.2,1246.2,230,9,0.098554656,0.013979764,0.142620028,1246.073349,111638.2082,1.027307925,0.0482929,0.014160417,169.655038,0.348449316,3,0.121058839,0.016105741,0.288858393,584.8367723,84998.43854,1.863692825,0.057369327,0.020112374,77.37469625,0.685081266,283.1618263,50.98289422
7/19/2020,1.045,48.3,21.1,1240.4,230,9,0.09778157,0.013795012,0.142096441,1240.274985,110818.2379,1.02263296,0.047671976,0.014311357,169.1804958,0.349720334,3,0.120626217,0.015893726,0.288892202,577.8517657,84496.79097,1.870208445,0.056635411,0.020307011,76.75110322,0.691421478,277.573769,50.56399449
7/20/2020,1.036,47.4,21.1,1234.6,230,9,0.097006317,0.013610337,0.14156761,1234.476616,109997.0945,1.017916429,0.047050876,0.014466058,168.6993789,0.351009407,3,0.120198557,0.015680555,0.288902802,570.8512242,84006.94116,1.877043786,0.055896913,0.020509316,76.12323192,0.697893665,272.005449,50.12848733
7/21/2020,1.027,46.5,21.1,1228.9,230,9,0.096225265,0.013425952,0.141040578,1228.778253,109167.7495,1.013062135,0.046430054,0.014623608,168.2117756,0.352312597,3,0.119769442,0.015466377,0.288904543,563.9037625,83524.95042,1.883978786,0.055154156,0.020718602,75.49694761,0.704452068,266.4970425,49.69678812
7/22/2020,1.017,45.6,21.1,1223.1,230,9,0.095435363,0.013241441,0.140512705,1222.979894,108329.9791,1.008151857,0.045808648,0.014786232,167.7146319,0.353643791,3,0.119345502,0.015249833,0.288871839,556.8321373,83058.85808,1.891493502,0.054402838,0.020938812,74.8643482,0.711207859,260.9292291,49.26288637
7/23/2020,1.008,44.7,21.1,1217.3,230,9,0.094653536,0.013056955,0.139966986,1217.181511,107505.9132,1.003308762,0.045186892,0.01495312,167.2133455,0.354988691,3,0.118938103,0.015032273,0.288796388,549.7732474,82618.15801,1.899504954,0.053647335,0.021167652,74.2356162,0.718052891,255.4164534,48.83406205
7/24/2020,0.999,43.8,21.1,1211.6,230,9,0.093861666,0.012872774,0.139427731,1211.483141,106667.6453,0.998280821,0.044565481,0.015123269,166.7036281,0.356351721,3,0.118525271,0.014813606,0.288715498,542.7506389,82180.13631,1.90761678,0.052887236,0.02140522,73.60377722,0.725034384,249.95017,48.42036221
7/25/2020,0.99,42.9,21,1205.8,230,9,0.093072123,0.01268844,0.138873971,1205.684754,105837.0132,0.993315788,0.043943379,0.015299095,166.186688,0.357738584,3,0.118116248,0.014599489,0.288625369,535.6400729,81755.50779,1.91587724,0.052142604,0.021630746,72.96125753,0.731953306,244.4729883,48.01899859
7/26/2020,0.98,42,21,1200,230,9,0.092233171,0.012504857,0.138374188,1199.88647,104917.6374,0.98763791,0.043322694,0.015461675,165.6323196,0.359157651,3,0.117654232,0.014387225,0.288612548,528.36314,81292.25597,1.923527975,0.051404047,0.021843601,72.2847398,0.738961372,238.8558755,47.58596853
7/27/2020,0.975,41.8,21,1198.1,230,9,0.091771473,0.012474634,0.138662486,1197.98734,104308.1096,0.983686889,0.043222553,0.015497848,165.4051032,0.359687186,3,0.117330137,0.014332551,0.288849118,525.3377454,81009.54391,1.924748943,0.051216972,0.021919255,72.00481435,0.741964732,236.3496369,47.4056453
7/28/2020,0.97,41.7,21,1196.2,230,9,0.091309459,0.012444364,0.138953477,1196.088208,103698.7284,0.979725486,0.043122226,0.015534262,165.1764754,0.360219937,3,0.117007298,0.014277549,0.289080665,522.3047772,80730.10674,1.926041142,0.051028695,0.021996264,71.7246701,0.7449936,233.8462142,47.22704318
7/29/2020,0.965,41.5,21,1194.2,230,9,0.090850753,0.012414044,0.139241349,1194.089064,103096.1145,0.975847361,0.043021957,0.015571705,164.9462109,0.360759509,3,0.11669399,0.014221935,0.289287166,519.1973688,80463.69744,1.927695311,0.050838381,0.022075813,71.44431559,0.748068889,231.3080264,47.03634236
7/30/2020,0.96,41.4,21,1192.3,230,9,0.090388097,0.012383677,0.139537814,1192.189928,102487.0211,0.971864893,0.042921255,0.015608614,164.714721,0.361298796,3,0.11637358,0.014166259,0.28950854,516.1516166,80190.9728,1.929129486,0.050647614,0.022155625,71.16426378,0.751147186,228.8105108,46.8611936
7/31/2020,0.955,41.2,21,1190.4,230,9,0.089925126,0.012353262,0.139837085,1190.29079,101878.0875,0.967871938,0.042820364,0.015645772,164.4817775,0.361841395,3,0.116054531,0.014110246,0.28972439,513.097804,79921.62543,1.930641318,0.050455609,0.022236902,70.88399121,0.754252744,226.3150451,46.68825757
8/1/2020,0.95,41.1,21,1188.5,230,9,0.089461841,0.012322799,0.140139204,1188.39165,101269.3181,0.963868462,0.042719283,0.015683182,164.2473661,0.362387339,3,0.115736921,0.014053888,0.289934436,510.0356084,79655.78705,1.932234374,0.050262334,0.022319691,70.60358066,0.757385806,223.8227117,46.51708255
8/2/2020,0.945,40.9,21,1186.5,230,9,0.089001785,0.012292087,0.140436771,1186.392499,100667.4586,0.959947374,0.042617573,0.015721796,164.0110975,0.362940839,3,0.115428798,0.01399682,0.290118578,506.8971007,79401.62057,1.934199646,0.050066666,0.02240532,70.32070586,0.760581959,221.2989211,46.3470094
8/3/2020,0.94,40.8,21,1184.6,230,9,0.088535679,0.012262862,0.140761277,1184.493354,100027.6211,0.955868609,0.042520605,0.01575778,163.7713173,0.36359688,3,0.115114084,0.013939897,0.290316765,503.8200622,79143.32552,1.935958755,0.049871295,0.022491156,70.04088778,0.763766378,218.8145177,46.18024826
8/4/2020,0.935,40.6,21,1182.7,230,9,0.088068802,0.012233544,0.141089568,1182.594207,99384.71108,0.951770602,0.042423281,0.015793971,163.528268,0.364269084,3,0.11480078,0.013882479,0.290508784,500.7347121,78888.17084,1.937801555,0.049674112,0.022578714,69.76043172,0.766983277,216.3341719,46.01551182
8/5/2020,0.93,40.5,21,1180.8,230,9,0.087601621,0.012204164,0.141420923,1180.695059,98742.30274,0.947662259,0.042325721,0.015830424,163.2836484,0.364945447,3,0.114488984,0.013824696,0.290694464,497.6415769,78636.74658,1.939731717,0.049475583,0.022667945,69.48013246,0.770228314,213.8584813,45.85343406
8/6/2020,0.925,40.3,21,1178.8,230,9,0.087137634,0.012174524,0.141747849,1178.695899,98106.9973,0.94363556,0.042227487,0.015868109,163.0370623,0.365630442,3,0.114187606,0.013766041,0.290851202,494.4718588,78399.50495,1.942069833,0.04927408,0.02276039,69.20012094,0.773526145,211.3523149,45.6944538
8/7/2020,0.92,40.2,21,1176.9,230,9,0.086669836,0.012145017,0.142085431,1176.796747,97465.58803,0.93950624,0.04212945,0.015905099,162.789256,0.366315266,3,0.113878933,0.01370752,0.291023516,491.3628179,78155.57514,1.944183639,0.049072827,0.022853129,68.9199799,0.776830707,208.8827414,45.50960691
8/8/2020,0.915,40,21,1175,230,9,0.086201775,0.012115641,0.142427717,1174.897592,96824.53742,0.935366521,0.042031843,0.015942211,162.5400177,0.367003699,3,0.113571942,0.013648767,0.291188901,488.2456146,77915.8676,1.946394553,0.048870706,0.022947588,68.64045789,0.780162386,206.4170281,45.33367377
8/9/2020,0.91,39.8,21,1173.1,230,9,0.085733373,0.012086006,0.142771746,1172.998435,96184.17607,0.931216317,0.041933323,0.015979744,162.2889608,0.367697136,3,0.11326658,0.013589477,0.291347081,485.1203866,77679.89985,1.948701783,0.048666618,0.023044021,68.36094846,0.78352627,203.9583293,45.16817539
8/10/2020,0.905,39.7,21,1171.2,230,9,0.085264672,0.012056307,0.143119066,1171.099276,95544.34865,0.92705563,0.041834561,0.016017552,162.036255,0.368394946,3,0.112962864,0.013529806,0.291498049,481.9871237,77447.82851,1.951107751,0.048461119,0.023142373,68.08160617,0.786921602,201.5042919,45.00478275
8/11/2020,0.9,39.5,21,1169.2,230,9,0.084799143,0.012026335,0.143461895,1169.100107,94911.6834,0.922975898,0.04173508,0.016056644,161.7816875,0.369101313,3,0.112665829,0.013470648,0.29162924,478.7789584,77188.74439,1.953831461,0.048257554,0.023242531,67.8032452,0.790747472,199.022118,44.84407201
8/12/2020,0.895,39.4,21,1167.3,230,9,0.084329907,0.011996483,0.143815582,1167.200944,94273.27872,0.918795315,0.041635752,0.016095037,161.5261012,0.369807045,3,0.1123601,0.01341217,0.291779938,475.6301125,76906.10509,1.956293019,0.048056184,0.023342403,67.52567984,0.794743816,196.5758966,44.68531237
8/13/2020,0.89,39.2,21,1165.4,230,9,0.083860411,0.011966759,0.144174238,1165.301779,93635.27147,0.91460419,0.041536846,0.016133563,161.2690133,0.370516579,3,0.112056108,0.013353411,0.291923013,472.4735791,76628.26899,1.958860024,0.047853767,0.023444267,67.24835342,0.798774238,194.1358631,44.52893268
8/14/2020,0.885,39.1,21,1163.5,230,9,0.083390581,0.011936775,0.144534851,1163.402611,92997.97929,0.910402438,0.041437021,0.016172529,161.0100252,0.37123135,3,0.111744251,0.013298383,0.292091096,469.309583,76343.83428,1.961093771,0.0476644,0.023531081,66.96366648,0.802680849,191.7027807,44.37565925
8/15/2020,0.88,38.9,21,1161.5,230,9,0.082923855,0.011906524,0.144891157,1161.403434,92367.64408,0.906280101,0.041336494,0.016212808,160.7489403,0.371955293,3,0.111440554,0.013243552,0.292236559,466.0711343,76071.34827,1.963647575,0.04747581,0.023616881,66.67710857,0.806607291,189.2446419,44.22573257
8/16/2020,0.875,38.8,21,1159.6,230,9,0.082453423,0.011876406,0.145258862,1159.504262,91731.46646,0.902056829,0.041236164,0.016252368,160.4864809,0.372679313,3,0.111130086,0.013188713,0.292396517,462.8908091,75794.02222,1.96599134,0.047286986,0.023703175,66.39136666,0.810537894,186.8219819,44.07637239
8/17/2020,0.87,38.6,21,1157.7,230,9,0.081982698,0.01184622,0.145630213,1157.605089,91095.86818,0.897822866,0.04113558,0.016292226,160.2222586,0.373408023,3,0.110821421,0.01313348,0.292548497,459.7020325,75521.39654,1.968442517,0.047096712,0.023791224,66.10569003,0.814501021,184.4086191,43.93025287
8/18/2020,0.865,38.5,21,1155.8,230,9,0.081511716,0.011816158,0.146006827,1155.705913,90460.70825,0.893578215,0.041035408,0.01633223,159.9564525,0.374140757,3,0.110514731,0.013077999,0.29269207,456.5037729,75253.82203,1.971009236,0.046905514,0.023880978,65.82026098,0.818495828,182.0005338,43.77547548
8/19/2020,0.86,38.3,21,1153.8,230,9,0.08104376,0.011785634,0.146377652,1153.706727,89832.58809,0.889411907,0.040933852,0.016373741,159.6882861,0.374883641,3,0.110218727,0.013021536,0.292803555,453.2310554,75000.93323,1.974018463,0.046710922,0.023974054,65.53442961,0.822553031,179.5674594,43.61782483
8/20/2020,0.855,38.2,21,1151.9,230,9,0.080572148,0.011755242,0.146760243,1151.807547,89198.74758,0.885145461,0.040832494,0.01641452,159.4186682,0.37562673,3,0.109915765,0.012965087,0.292929976,450.0167629,74742.75406,1.976812916,0.046516173,0.024067704,65.24912691,0.826617992,177.1733604,43.46795242
8/21/2020,0.85,38,21,1150,230,9,0.080100246,0.011724781,0.147146708,1149.908365,88565.51494,0.880868208,0.040730875,0.016455613,159.1472137,0.37637471,3,0.109614608,0.012908234,0.293047923,446.795095,74489.28706,1.979720962,0.046319928,0.024163299,64.96400303,0.830717671,174.7855909,43.32065261
8/22/2020,0.845,37.8,21,1148.1,230,9,0.079628057,0.01169425,0.147537106,1148.00918,87932.89762,0.876580118,0.040628994,0.016497021,158.8739036,0.377127634,3,0.109315489,0.012850962,0.293156639,443.5645334,74240.77826,1.982753141,0.046122144,0.024260926,64.67903692,0.834853694,172.4040163,43.17603128
8/23/2020,0.84,37.7,21,1146.2,230,9,0.079155614,0.01166384,0.147933094,1146.109993,87300.76168,0.872281194,0.040527515,0.01653859,158.5989218,0.37788482,3,0.109017385,0.012793608,0.293258708,440.3260904,73993.67897,1.985881829,0.045924012,0.024360344,64.39046161,0.839053813,170.0624231,43.03926966
8/24/2020,0.835,37.5,21,1144.2,230,9,0.07868638,0.011632899,0.148322305,1144.110796,86676.65418,0.868063572,0.040424418,0.016581771,158.323044,0.378649302,3,0.108731487,0.012734981,0.293323658,437.0151568,73766.64425,1.989512316,0.045721437,0.024463707,64.10729167,0.843279562,167.7001476,42.91752808
8/25/2020,0.83,37.4,21,1142.3,230,9,0.07821332,0.011602155,0.148724839,1142.211604,86045.90132,0.863742552,0.040321738,0.016624155,158.044063,0.379417372,3,0.108438297,0.012676474,0.293404223,433.7598923,73532.24329,1.992924013,0.045519084,0.024567758,63.82200988,0.84753596,165.3724646,42.7840303
8/26/2020,0.825,37.2,21,1140.4,230,9,0.077739977,0.011571339,0.14913156,1140.31241,85415.79411,0.859410581,0.040218788,0.016666871,157.7631478,0.380190601,3,0.108147666,0.012617444,0.293473702,430.4966481,73304.73689,1.996482401,0.045314811,0.024674159,63.53906066,0.851816005,163.0541453,42.65776879
8/27/2020,0.82,37.1,21,1138.5,230,9,0.077266352,0.01154045,0.149542534,1138.413214,84786.34044,0.85506763,0.040115567,0.016709922,157.4802784,0.380969044,3,0.107859278,0.012557969,0.293532698,427.2246333,73082.48846,2.000182212,0.045108897,0.024782923,63.25644169,0.856135932,160.7446985,42.52813779
8/28/2020,0.815,36.9,21,1136.5,230,9,0.076795727,0.011509477,0.149951127,1136.414008,84163.48953,0.850800615,0.040012266,0.016754254,157.195289,0.381756824,3,0.107582277,0.012497735,0.293555742,423.8797394,72876.18636,2.004380188,0.044900361,0.024895589,62.97420059,0.860523604,158.414117,42.38246879
8/29/2020,0.81,36.8,21,1134.6,230,9,0.076321529,0.011478442,0.150370781,1134.514807,83535.34336,0.846435364,0.039908495,0.016797993,156.9084524,0.38254588,3,0.107298723,0.012437321,0.293592283,420.5902507,72665.31343,2.008382851,0.044690978,0.025009366,62.69299867,0.864921336,156.1223106,42.24970582
8/30/2020,0.805,36.6,21,1132.7,230,9,0.075847074,0.011447327,0.150794801,1132.615605,82907.96776,0.842059426,0.039804428,0.016842084,156.6197411,0.383340032,3,0.107017586,0.012376441,0.293617405,417.2919246,72459.99766,2.01254037,0.044479874,0.025125749,62.4122896,0.86936099,153.8408369,42.12023801
8/31/2020,0.8,36.5,21,1130.8,230,9,0.075372371,0.01141613,0.151223217,1130.7164,82281.40811,0.837672929,0.039700056,0.016886533,156.3291952,0.384139212,3,0.106738946,0.012315083,0.293630737,413.9848295,72260.44996,2.016857907,0.044267003,0.025244827,62.13226325,0.873842232,151.5659058,41.99687679
9/1/2020,0.795,36.3,21,1128.8,230,9,0.074900608,0.011384648,0.15164767,1128.717185,81661.59033,0.833361495,0.03959491,0.016932474,156.0363603,0.384948547,3,0.106463571,0.012256244,0.293634997,410.6050923,72068.1493,2.021314435,0.044063108,0.025353198,61.84617907,0.878246486,149.2894806,41.890358
9/2/2020,0.79,36.2,21,1126.9,230,9,0.074425419,0.01135348,0.152086797,1126.817975,81036.45785,0.828953265,0.039490599,0.016977487,155.7421956,0.385757424,3,0.106176613,0.012199574,0.293670334,407.2801676,71865.98969,2.025345384,0.043866714,0.025453403,61.55773957,0.882568447,147.0578564,41.77299244
9/3/2020,0.785,36,21,1125,230,9,0.073949925,0.011322045,0.152529024,1124.918762,80412.16643,0.824533841,0.039385339,0.017023032,155.4457251,0.386572674,3,0.105891987,0.012142326,0.293694147,403.9475384,71669.36932,2.0295294,0.043668196,0.025555935,61.26996866,0.886927235,144.8405473,41.66849694
9/4/2020,0.78,35.8,21,1123.1,230,9,0.073474161,0.011290532,0.152976086,1123.019547,79788.59474,0.820103227,0.039279792,0.017068946,155.147141,0.387393592,3,0.105609906,0.01208465,0.293705798,400.6057027,71478.53662,2.033878164,0.043468098,0.025660749,60.98279672,0.891324205,142.6299491,41.5602828
9/5/2020,0.775,35.7,21,1121.2,230,9,0.072998129,0.011258943,0.153428064,1121.12033,79165.75154,0.815661394,0.039173957,0.017115234,154.8464208,0.388220241,3,0.105330462,0.012026535,0.293704875,397.254751,71293.73997,2.038397433,0.043266372,0.025767925,60.696463,0.895758572,140.4300601,41.44942927
9/6/2020,0.77,35.5,21,1119.2,230,9,0.072524967,0.01122707,0.15387634,1119.121103,78549.49066,0.811292849,0.039067346,0.017163069,154.5431996,0.389057674,3,0.105061947,0.011967756,0.29366695,393.8313287,71121.66044,2.043434092,0.043062345,0.025878792,60.40571653,0.900298293,138.2202081,41.34456528
9/7/2020,0.765,35.4,21,1117.3,230,9,0.072048422,0.011195515,0.154340057,1117.221881,77927.98213,0.806828252,0.038961588,0.017209953,154.2383623,0.389895202,3,0.104787992,0.011908905,0.29363975,390.4617729,70949.12495,2.048313982,0.042857879,0.025990811,60.12084742,0.904812402,136.039386,41.22206546
9/8/2020,0.76,35.2,21,1115.4,230,9,0.071571583,0.01116369,0.154807254,1115.322656,77307.35253,0.802352329,0.038854872,0.017257396,153.9310981,0.390739444,3,0.104516904,0.011849449,0.293598615,387.0822843,70782.61958,2.053382983,0.04265119,0.026105589,59.83637007,0.909371953,133.8731842,41.11552036
9/9/2020,0.755,35.1,21,1113.5,230,9,0.071094483,0.011131786,0.15527971,1113.423428,76687.48746,0.797865085,0.03874786,0.017305233,153.6216045,0.391589678,3,0.104248742,0.01178952,0.293543387,383.6938389,70622.72718,2.058645266,0.04244275,0.026223069,59.55309419,0.913970666,131.7169474,41.00928145
9/10/2020,0.75,34.9,21,1111.5,230,9,0.070620209,0.011099595,0.15574864,1111.424192,76074.13441,0.793449903,0.038640058,0.017354665,153.3095209,0.392451043,3,0.103992768,0.011728716,0.293446656,380.2349761,70479.85664,2.064484248,0.042231242,0.026344852,59.27017125,0.918644457,129.546331,40.91024293
9/11/2020,0.745,34.8,21,1109.6,230,9,0.070142579,0.011067529,0.156231846,1109.524959,75455.79919,0.788939648,0.038532444,0.017403309,152.9954974,0.393313485,3,0.103730595,0.011667808,0.293362208,376.8303033,70333.75975,2.070149299,0.042019173,0.026468036,58.98993243,0.923320049,127.4378476,40.83272204
9/12/2020,0.74,34.6,21,1107.7,230,9,0.069664724,0.011035573,0.156722327,1107.625724,74838.1406,0.784418022,0.038425187,0.017452184,152.6794016,0.394181307,3,0.103470784,0.011606659,0.29326476,373.4185003,70192.49709,2.075999899,0.041806173,0.026593934,58.70879115,0.928053111,125.3366293,40.74150379
9/13/2020,0.735,34.5,21,1105.8,230,9,0.069186585,0.011003344,0.157216715,1105.726487,74221.40174,0.779884945,0.038316964,0.017501649,152.3607496,0.39505621,3,0.103214176,0.011544874,0.293151464,369.9967486,70057.75884,2.082070526,0.041590833,0.026723087,58.42803129,0.932838128,123.2473497,40.65079057
9/14/2020,0.73,34.3,21,1103.9,230,9,0.068708196,0.010971033,0.157716837,1103.827247,73605.47767,0.775340432,0.038208432,0.017551532,152.0397494,0.395937442,3,0.10296113,0.011482523,0.293021395,366.5667338,69931.59025,2.088374224,0.041373401,0.026855497,58.15042366,0.937653064,121.1714581,40.5539665
9/15/2020,0.725,34.2,21,1101.9,230,9,0.068229974,0.010939643,0.158235449,1101.827999,72962.8645,0.770806289,0.038103171,0.01760075,151.7120468,0.396992586,3,0.102721265,0.011419195,0.292845426,363.0661759,69824.37075,2.095321979,0.041152524,0.026992997,57.87423316,0.942544658,119.0875602,40.46399899
9/16/2020,0.72,34,21,1100,230,9,0.06774803,0.010908176,0.158769096,1099.928754,72310.74852,0.766169422,0.037997373,0.017649148,151.381499,0.398078785,3,0.102469475,0.011357653,0.292700405,359.6172359,69707.23727,2.101842236,0.040937804,0.02712227,57.59486109,0.947348478,117.0409048,40.38400977
