Date,Gas Flow_MMSCFD,Oil_bpd,Water_bpd,FWHP_psig,Temperature_F,FlowPatternGasLiquid,FroudeNumberGas,FroudeNumberLiquid,HoldupFractionLiquid,Pressure,ReynoldsNumber,SuperficialVelocityGas,SuperficialVelocityLiquid,SurfaceTensionLiquidInSitu,Temperature,ViscosityLiquidInSitu,FlowPatternGasLiquid,FroudeNumberGas,FroudeNumberLiquid,HoldupFractionLiquid,Pressure,ReynoldsNumber,SuperficialVelocityGas,SuperficialVelocityLiquid,SurfaceTensionLiquidInSitu,Temperature,ViscosityLiquidInSitu,FINAL PRESS,FINAL TEMP
1/1/2020,1.82,500,4505,5592,230,9,0,0.8,1,5585.251109,373913.5963,0,2.926692578,0.00000001,227.125435,0.25585744,4,0.065747315,0.835103216,0.868497103,3409.179691,399964.2146,0.428796578,2.666219088,0.013623096,218.3883411,0.272910073,2068.58133,212.6656686
1/2/2020,2.04,486,3459,5486,230,9,0,0.68,1,5481.287311,307393.5732,0,2.474510075,0.00000001,226.3961946,0.250129372,4,0.082129627,0.672251886,0.813493399,3425.570503,337764.9892,0.522742807,2.13355411,0.012794588,215.6578728,0.275952487,2175.357142,208.7335952
1/3/2020,2.02,486,2987,5442,230,9,0,0.61,1,5438.157536,274430.6178,0,2.238525988,0.00000001,225.9281191,0.2482508,4,0.080869966,0.601149481,0.800495687,3428.255815,302292.3271,0.509498621,1.903020872,0.012369865,214.0623157,0.277473323,2209.607596,206.5220076
1/4/2020,1.94,475,2507,5290,230,9,0,0.54,1,5287.002611,239280.8341,0,1.980796127,0.00000001,225.2985689,0.246065515,4,0.078860728,0.519487492,0.78007015,3330.622954,265801.6845,0.505322118,1.651463274,0.012644767,211.877474,0.280119551,2154.852124,203.4960669
1/5/2020,1.94,482,2027,5247,230,9,0,0.48,1,5244.692672,206831.5243,0,1.748924611,0.00000001,224.4471575,0.242374812,4,0.077738454,0.45160003,0.762662337,3360.463663,228902.9434,0.485265491,1.426247998,0.011642983,209.0244394,0.28302261,2229.695575,199.6285668
1/6/2020,2.1,466,1523,5134,230,9,0,0.422491105,1,5132.291606,177561.5018,0,1.546907954,0.00000001,223.1346924,0.231594711,4,0.090580418,0.371902196,0.701223075,3389.416003,199472.1552,0.544738819,1.163079545,0.010433282,204.4890095,0.287704911,2348.238912,193.4488345
1/7/2020,2.04,482,1307,5025,230,9,0,0.391523772,1,5023.546194,162263.2947,0,1.433524232,0.00000001,222.3908472,0.229110511,4,0.086260041,0.342257623,0.695601679,3325.083764,180986.7994,0.52001301,1.071068881,0.010139055,202.0061293,0.289761969,2314.263526,190.0995804
1/8/2020,1.82,490,1055,4934,230,9,0,0.341338031,1,4932.880015,139131.1688,0,1.249774276,0.00000001,221.1310038,0.229669207,4,0.071780099,0.304947921,0.713463346,3257.262159,150929.6998,0.433322443,0.954667559,0.0096542,198.2035022,0.293433253,2260.041948,185.121057
1/9/2020,1.86,488,886,4731,230,9,0,0.323787481,1,4730.030583,130287.061,0,1.185514734,0.00000001,220.1649202,0.222105215,4,0.077843379,0.273744,0.67304067,3138.085455,142560.9695,0.476019235,0.859927478,0.009600998,194.7411889,0.298217563,2199.547668,180.418266
1/10/2020,1.98,484,791,4609,230,9,0,0.322025368,1,4608.08591,129081.7749,0,1.179062934,0.00000001,219.5852411,0.213099801,4,0.087932483,0.256685917,0.631167572,3092.421138,142670.9773,0.5360173,0.80566778,0.009335043,192.50929,0.300683694,2203.538843,177.3759524
1/11/2020,1.82,472,726,4474,230,10,0.01413307,0.380260003,0.940484852,4473.291156,121629.25,0.05874076,1.044721168,0.00466991,218.8854668,0.220967374,4,0.080510457,0.238643068,0.631703058,2961.683081,131851.1553,0.509505034,0.756307081,0.009878136,190.335124,0.305406283,2083.076497,174.5883082
1/12/2020,2.2,480,590,4360,230,10,0.044639755,0.373272525,0.848242468,4359.296575,132821.39,0.174705869,0.998034621,0.004168355,218.0743408,0.209751496,4,0.106790343,0.223305246,0.552493317,3001.136143,141259.6668,0.644778191,0.699108474,0.008431044,187.03171,0.304803595,2208.382771,170.0344731
1/13/2020,2.196,470.8,579,4352.5,230,10,0.047011853,0.366858408,0.840427815,4351.810525,132066.3648,0.183610132,0.979939381,0.00418221,217.8936897,0.209629384,4,0.107301971,0.219154326,0.547032027,3001.368162,140107.4312,0.646945417,0.685850161,0.008413396,186.5200744,0.305736736,2212.606677,169.3912912
1/14/2020,2.113,481.6,591,4357,230,10,0.040583563,0.366470389,0.856084109,4356.317424,129046.0167,0.160566817,0.984801396,0.00413217,217.9993933,0.212255285,4,0.10075452,0.223130595,0.566159819,2979.002077,136874.878,0.613956775,0.700279882,0.008570848,186.8938329,0.305578142,2176.502736,169.8968987
1/15/2020,2.089,497.3,588,4317.5,230,10,0.04347357,0.359410779,0.846078261,4316.813711,129024.9336,0.174164602,0.971378602,0.004012216,218.0702787,0.215411784,4,0.098689963,0.225407527,0.572034472,2935.578193,136395.1704,0.609221997,0.709839296,0.008678392,186.9390895,0.305589421,2133.648569,169.9214462
1/16/2020,1.805,497.1,579,4227,230,10,0.036935494,0.327075432,0.851965833,4226.387019,117332.7478,0.15421363,0.900386118,0.003920716,217.678004,0.225687796,4,0.081604173,0.217989574,0.605510507,2792.980333,123050.9421,0.530378738,0.695394254,0.009573289,185.9226509,0.310879049,1969.757447,168.6652254
1/17/2020,2.121,458.9,619,4231.5,230,10,0.064250414,0.330251059,0.786748581,4230.787795,134094.9071,0.264633573,0.903724815,0.004416907,218.1977682,0.223228985,4,0.105144268,0.216724192,0.54072541,2870.069992,142923.3682,0.668013539,0.687515815,0.00964649,187.2473831,0.309118063,2083.709722,170.3170969
1/18/2020,1.878,462.7,612,4113,230,9,0.060552256,0.299448974,0.780392031,4112.346237,125136.8456,0.260316175,0.834699548,0.004282145,217.9326335,0.233935336,4,0.090833161,0.211051636,0.564600801,2713.838629,132194.3664,0.608030413,0.677955244,0.010663562,186.4499928,0.313714957,1915.86343,169.2499093
1/19/2020,2.154,493.4,602,4143.5,230,10,0.074509238,0.319496734,0.760054733,4142.763132,137530.359,0.311912624,0.880529386,0.004116689,218.3437767,0.227740782,4,0.106643824,0.221031172,0.539295811,2797.678732,145463.3998,0.688554122,0.703969269,0.009646929,187.201277,0.308567364,2024.105867,170.1071565
1/20/2020,1.95,451.2,588,4022,230,9,0.080741656,0.270099627,0.721633778,4021.337959,129970.3002,0.354316535,0.759343107,0.004282164,217.7137543,0.240092414,4,0.097722825,0.20346473,0.534992921,2669.037308,135767.9024,0.659962477,0.65490795,0.010819098,185.4673865,0.315929632,1897.234924,167.9197609
1/21/2020,1.846,482,594,4013.5,230,9,0.063710142,0.289369474,0.76789814,4012.85134,124655.4138,0.278494895,0.81221982,0.00411595,217.8923316,0.237440469,4,0.089458062,0.210240923,0.563407894,2622.623982,131472.1997,0.615059569,0.679438528,0.010950673,185.9388928,0.315171,1834.513885,168.5381001
1/22/2020,2.123,475.8,598,4035,230,9,0.090965932,0.282388672,0.70927045,4034.26815,139328.1123,0.395501027,0.790861346,0.004206147,218.1977562,0.237811938,4,0.107624247,0.212578956,0.52244837,2707.326873,146083.0635,0.715137497,0.681696612,0.010365261,186.5891934,0.312178163,1947.269635,169.2364063
1/23/2020,1.899,459.5,614,3896.5,230,9,0.076697157,0.268368059,0.728093205,3895.82139,131285.3243,0.356614309,0.771983725,0.00481759,218.0581464,0.242708447,4,0.096516553,0.205068919,0.531272478,2539.218201,139380.2473,0.684432109,0.667159199,0.011929278,186.1869038,0.317213422,1772.258547,168.7886148
1/24/2020,1.755,461.3,581,3910,230,9,0.062687041,0.268822096,0.758854956,3909.390172,120985.3138,0.28828895,0.770024331,0.004564813,217.5240452,0.240897843,4,0.086589829,0.200062634,0.554447691,2524.985602,127789.9115,0.615913001,0.651288787,0.011756706,184.8136732,0.319532308,1744.43628,167.1052277
1/25/2020,1.931,452.1,617,3895.5,230,9,0.081163341,0.264367019,0.716828305,3894.812186,133350.0269,0.378358015,0.761226565,0.004898021,218.0720114,0.243520405,4,0.099017196,0.204025842,0.523571828,2547.778488,141409.7228,0.700239826,0.663381418,0.011955729,186.227355,0.317235505,1784.767658,168.841487
1/26/2020,2.028,470.9,574,3815,230,9,0.089354632,0.258268057,0.696500861,3814.303515,137187.8395,0.423062903,0.748042129,0.004899157,217.9078223,0.242485357,4,0.105777981,0.201834263,0.503619125,2515.410767,144832.2559,0.747826901,0.656213937,0.011525529,185.2267634,0.317710373,1777.208157,167.4130132
1/27/2020,2.004,478.6,607,3765.5,230,9,0.086559483,0.26295165,0.704625078,3764.777118,139144.1649,0.420240492,0.768678735,0.005215998,218.3096004,0.244015724,4,0.105073217,0.206283549,0.50560577,2453.966815,148707.2812,0.76242565,0.674304997,0.012261546,186.3142945,0.31740831,1713.074282,168.7416254
1/28/2020,2.06,477.4,614,3771,230,9,0.091627544,0.262771537,0.695053772,3770.25449,142654.2135,0.444375237,0.767857451,0.005249626,218.4301075,0.244287894,4,0.108754435,0.207572191,0.49867509,2469.209471,152476.2547,0.785138256,0.677815322,0.012203245,186.6321468,0.316619753,1732.077199,169.136379
1/29/2020,1.956,462.2,595,3692.5,230,9,0.087071577,0.249325458,0.694704958,3691.804353,137401.4782,0.434564855,0.736051538,0.005584491,218.042019,0.246405683,4,0.104082407,0.198829257,0.495658022,2393.707022,146805.2696,0.770041371,0.652464457,0.012803058,185.4700933,0.320353165,1660.16362,167.634842
1/30/2020,1.973,438,592,3652,230,9,0.093235358,0.235700167,0.673282554,3651.310115,139347.3591,0.473951528,0.700258965,0.005952799,217.861131,0.248964829,4,0.107038658,0.192305308,0.478676268,2375.044943,148525.9578,0.796977199,0.631843786,0.01318236,184.9496681,0.322250784,1650.193757,166.9648306
1/31/2020,1.829,457.7,577,3654.5,230,9,0.077934001,0.243949052,0.709487208,3653.856762,129896.6646,0.393826383,0.723293832,0.005670449,217.6713016,0.246998786,4,0.09662558,0.193361799,0.505870951,2339.780025,138729.3006,0.727990354,0.636763688,0.013153108,184.4511854,0.323244215,1600.997641,166.3768493
2/1/2020,1.745,463.5,576,3548,230,9,0.073393339,0.238867645,0.715458308,3547.373153,127514.283,0.38416873,0.716663251,0.006126903,217.6516174,0.249205868,4,0.093269893,0.191249901,0.504966677,2230.467353,137513.5299,0.731969499,0.634576548,0.014003657,184.1285598,0.325584919,1494.810341,165.9402368
2/2/2020,1.941,446.3,563,3550.5,230,9,0.092101713,0.228515952,0.668860712,3549.833049,137751.9603,0.480465163,0.684841223,0.006181578,217.6129404,0.249743204,4,0.10652263,0.187995704,0.470322719,2294.903728,146988.7055,0.811675211,0.620418117,0.01340974,183.8389894,0.32477617,1581.949676,165.5040635
2/3/2020,1.758,438,577,3441,230,9,0.080022796,0.223693744,0.689344591,3440.373092,130710.6413,0.436332989,0.679956675,0.006846471,217.5229374,0.252716871,3,0.097396251,0.184000931,0.481232665,2159.051103,141556.3405,0.78430243,0.61328341,0.014929334,183.6099946,0.328229228,1438.626557,165.2284407
2/4/2020,2.094,467.8,586,3419.5,230,9,0.104262087,0.231146606,0.647348841,3418.746189,151276.1149,0.567840278,0.702357134,0.006777796,218.287142,0.251288887,3,0.119137438,0.194124227,0.454974435,2209.65146,163356.3737,0.934974721,0.644113733,0.014056029,185.1584607,0.323113825,1520.008803,166.9645115
2/5/2020,1.91,439.6,593,3437,230,9,0.092052053,0.224914782,0.665868934,3436.313564,140784.8769,0.502904605,0.684082569,0.006964996,217.9132027,0.252890207,3,0.107556447,0.187792435,0.466989818,2188.133538,152310.6031,0.856176731,0.624671923,0.014751265,184.5389144,0.32585008,1480.748355,166.3272534
2/6/2020,1.986,453.4,593,3382.5,230,9,0.097608248,0.226524765,0.655908798,3381.778904,146419.8253,0.541021544,0.692041339,0.007114184,218.1424843,0.25291783,3,0.113401399,0.190257837,0.459921094,2158.342256,158927.2513,0.909938624,0.633749794,0.014807261,184.8758462,0.325135193,1463.481497,166.6427615
2/7/2020,2.043,468.1,587,3279,230,9,0.102615331,0.225452338,0.64476848,3278.249786,151865.8689,0.585469156,0.694722831,0.007463155,218.3160069,0.253668005,3,0.119280803,0.190851235,0.451388581,2086.431026,165832.5211,0.978617255,0.638120548,0.015188019,184.924929,0.325593442,1409.217203,166.5517555
2/8/2020,1.779,459.9,597,3327.5,230,9,0.081252035,0.22845357,0.689527837,3326.832878,135782.4692,0.460133717,0.702431699,0.007356319,218.0161003,0.253773174,3,0.100871173,0.188905501,0.47906373,2060.273677,149353.8601,0.841850457,0.633385599,0.015811526,184.6282471,0.327542331,1351.281984,166.3533582
2/9/2020,1.735,471.7,586,3223,230,9,0.078960794,0.225828583,0.69170875,3222.341929,134766.4969,0.461091744,0.700533898,0.007728845,217.9908439,0.25488307,3,0.100198072,0.187348419,0.479123346,1967.247415,149696.724,0.865589794,0.631572654,0.016390261,184.1810861,0.329411434,1267.816687,165.7201875
2/10/2020,1.691,465.5,588,3168.5,230,9,0.077367688,0.221782689,0.691984236,3167.853032,133618.4286,0.460413475,0.691614594,0.008099451,217.9340489,0.25625043,3,0.098941663,0.184852733,0.478999928,1914.141148,149344.127,0.873566954,0.625192863,0.017033321,183.9613049,0.330806382,1217.480929,165.4511807
2/11/2020,1.848,424.2,598,3155,230,9,0.093587418,0.20915954,0.64833776,3154.315485,144432.0425,0.561586131,0.653731861,0.008621858,217.9086772,0.258281741,3,0.110985872,0.179288832,0.453247844,1953.366702,159736.6132,0.964598007,0.604956783,0.017235802,183.9209332,0.330749842,1275.214521,165.3789078
2/12/2020,1.884,430,585,3143.5,230,9,0.096238398,0.208385417,0.642208468,3142.810902,145888.4364,0.577256267,0.651239628,0.008529625,217.8641959,0.257963709,3,0.113400663,0.178875412,0.449413555,1955.85167,160888.4908,0.981660442,0.603197692,0.0169426,183.6315609,0.330945661,1284.128851,164.966905
2/13/2020,1.9,439.8,563,3065,230,9,0.098379566,0.205019206,0.634210116,3064.312556,147226.4128,0.600843472,0.643824421,0.008701663,217.7613236,0.258418952,3,0.116160352,0.176688196,0.443549776,1902.830384,162731.0994,1.021710001,0.597245894,0.017024507,182.9348401,0.332528817,1245.557605,163.9958121
2/14/2020,1.716,416.6,566,3010.5,230,9,0.087079105,0.197663386,0.650439247,3009.874219,137641.8397,0.545306814,0.624770631,0.009289732,217.3732719,0.260577764,3,0.10585278,0.169889466,0.45403811,1821.771031,153580.0903,0.965630286,0.577271159,0.018371973,182.128541,0.336109127,1154.781298,163.0356341
2/15/2020,1.813,431.3,571,2993,230,9,0.093607444,0.201674393,0.640189585,2992.331323,144546.4077,0.587721709,0.637872044,0.009267704,217.7061375,0.25999913,3,0.112650663,0.173937507,0.446037203,1825.297086,161554.3705,1.024060752,0.590738935,0.0181166,182.7987212,0.334313938,1169.44551,163.805995
2/16/2020,1.709,413.1,576,2983.5,230,9,0.087211716,0.19726294,0.649683706,2982.868093,138768.3815,0.552253211,0.625261707,0.00957179,217.4674858,0.261181871,3,0.106363805,0.169956735,0.452760145,1795.828503,155666.9002,0.981774874,0.57843364,0.01885064,182.3956125,0.336075404,1131.085872,163.3624997
2/17/2020,1.705,432.9,582,2947,230,9,0.085961137,0.202576348,0.656495798,2946.351842,139904.855,0.549933244,0.64373946,0.009631752,217.7279184,0.260857526,3,0.106827827,0.173871064,0.454980327,1757.896574,158537.0449,1.001714977,0.593007349,0.019006658,182.9089032,0.335271668,1096.784573,163.9761975
2/18/2020,1.961,455.7,570,2871.5,230,10,0.105563407,0.203850552,0.617630302,2870.759467,157642.6475,0.684759369,0.649983599,0.009713478,218.1649647,0.260321347,3,0.126183363,0.177550219,0.427258408,1755.227468,178205.9175,1.174614983,0.604968029,0.018364994,183.376769,0.333350854,1130.749524,164.3408963
2/19/2020,1.878,410.4,570,2859,230,9,0.102732113,0.191168027,0.611666752,2858.309552,153033.7555,0.673964689,0.611196863,0.010298863,217.6730443,0.262482486,3,0.121818699,0.167986474,0.425440096,1739.59246,172443.3672,1.145519871,0.573151267,0.019263619,182.353364,0.336364431,1111.45198,163.1560974
2/20/2020,1.694,409.2,567,2780.5,230,9,0.090303874,0.188646873,0.633366327,2779.864598,143091.6626,0.608801913,0.606972921,0.010823077,217.4155012,0.263896157,3,0.111619786,0.164578903,0.438104923,1636.786098,164221.6879,1.099187197,0.564812373,0.020490212,181.6379039,0.339437126,1003.734656,162.286937
2/21/2020,1.85,431,561,2731,230,10,0.101792593,0.191684432,0.612025969,2730.302962,154539.899,0.691973323,0.617905543,0.010816117,217.7884735,0.263336577,3,0.123761506,0.168328052,0.421715969,1629.812279,177525.1825,1.215912517,0.577514863,0.02001699,182.1232443,0.337899418,1020.191623,162.7590865
2/22/2020,1.886,413.8,545.4,2736.8,230,10,0.105769162,0.184961897,0.597929413,2736.113427,155672.7499,0.716948991,0.595850312,0.010823767,217.4956125,0.263751919,3,0.126198757,0.163470624,0.414567814,1651.617012,176945.9488,1.225834588,0.560064327,0.01979299,181.3190758,0.33921701,1046.683347,161.7545999
2/23/2020,1.662,435.6,564.8,2746.5,230,9,0.086769163,0.194288718,0.645515206,2745.860419,141682.3185,0.589458958,0.626208143,0.010736668,217.6038888,0.263449803,3,0.109987076,0.168299596,0.443698546,1595.955483,164376.4747,1.100883998,0.578708042,0.020526219,181.9228438,0.339177287,964.7919107,162.5752987
2/24/2020,1.898,404.4,513.2,2720.3,230,10,0.108067325,0.177330265,0.585250481,2719.638979,154491.8292,0.732797392,0.57131281,0.010721613,217.0345462,0.264156152,3,0.127348588,0.157367556,0.408559982,1654.667131,173778.0634,1.229484486,0.538743712,0.019406311,179.8786058,0.341813371,1057.337323,159.8962903
2/25/2020,1.915,430.2,525.5,2671.1,230,10,0.108584769,0.184464486,0.590664105,2670.404555,158281.443,0.746863362,0.596189378,0.010856855,217.4894464,0.263803788,3,0.130102387,0.163067501,0.408420274,1608.11727,180668.0547,1.281436458,0.559638175,0.019697521,180.8535916,0.340291573,1018.202093,161.035432
2/26/2020,1.791,440.9,522.9,2639.9,230,10,0.099099667,0.186215418,0.610192504,2639.238567,150616.4166,0.689200672,0.603306665,0.010928202,217.3981542,0.26407585,3,0.122174355,0.16319552,0.419978533,1556.242025,173926.553,1.232644612,0.561681249,0.020145875,180.5856808,0.341708574,960.0739701,160.6935397
2/27/2020,1.827,403.7,484.3,2657.6,230,10,0.104333903,0.171541807,0.584913683,2656.978526,149477.7124,0.718852518,0.55463221,0.010831097,216.5703327,0.264973159,3,0.124116223,0.151952691,0.40904311,1600.684397,168426.0489,1.221785736,0.521457013,0.019602409,178.3602044,0.345439402,1010.208098,157.9007365
2/28/2020,1.823,423.5,485.7,2622.4,230,10,0.103547723,0.17593302,0.590333361,2621.76479,150507.9659,0.720387334,0.570036713,0.010829256,216.8101439,0.264633995,3,0.124830318,0.155176125,0.410313342,1566.528283,171171.7159,1.246364574,0.53342604,0.019684909,178.7896417,0.344888785,980.7221369,158.3707779
2/29/2020,1.739,431.3,479.1,2663.2,230,10,0.095736275,0.178205061,0.608989237,2662.597019,142551.0685,0.65669531,0.575611324,0.010422514,216.6330871,0.264066614,3,0.117006012,0.155781168,0.423767836,1581.916671,161806.0024,1.160875601,0.535102239,0.019333474,178.4504413,0.345428703,981.0420225,157.9825725
3/1/2020,1.955,422.1,488.5,2610.9,230,10,0.114098685,0.175414132,0.569649978,2610.218709,160548.9044,0.795546505,0.568627404,0.010932034,217.0490921,0.264488389,3,0.134960571,0.156033866,0.396076677,1581.739637,181861.0372,1.335797303,0.535815528,0.019509266,179.2747008,0.343413366,1009.974339,158.9289328
3/2/2020,1.812,414.9,469.9,2582.7,230,10,0.104335276,0.170487179,0.582155556,2582.080757,150037.167,0.73416848,0.553743929,0.01101031,216.5124679,0.265380734,3,0.125497672,0.150850411,0.405637073,1540.008147,170494.5239,1.265508166,0.519160428,0.019831141,177.8234939,0.347089038,962.1487692,157.1413094
3/3/2020,1.768,413.7,476.2,2619.5,230,10,0.100091279,0.172097633,0.593105846,2618.894366,146052.6648,0.697274539,0.557771709,0.010868105,216.4879338,0.265148124,3,0.120985357,0.151689966,0.413503647,1558.584087,165782.5503,1.21226328,0.521660601,0.019801587,177.9847737,0.346736374,969.3333819,157.3904647
3/4/2020,1.804,397.5,447.6,2600.2,230,10,0.104705417,0.16334497,0.573600297,2599.611216,147023.9369,0.730862693,0.529630521,0.010846459,215.9723084,0.265762049,3,0.124138334,0.144991587,0.40362979,1564.666912,164751.4858,1.234219273,0.498165171,0.019476644,176.4235449,0.349433251,985.9484168,155.3820011
3/5/2020,1.68,367.3,428,2581,230,10,0.097570925,0.152676014,0.575267829,2580.476039,137594.6126,0.686833855,0.495933643,0.011151832,215.0719186,0.26757027,3,0.116017481,0.135733764,0.408534768,1537.636011,153113.0318,1.167833503,0.467038773,0.020014066,174.1928135,0.355463507,953.1846812,152.7151838
3/6/2020,1.736,362,450.4,2526.8,230,10,0.102998213,0.153244377,0.564300145,2526.239901,145729.6097,0.741251295,0.500088797,0.011883338,215.5278933,0.268272112,3,0.122712551,0.137215477,0.397783288,1497.12688,164601.1496,1.262262746,0.473310462,0.020964008,175.332427,0.353467515,926.4561791,154.1358843
3/7/2020,1.932,399.8,415.8,2482.6,230,10,0.117757076,0.15636124,0.537986687,2481.981133,158428.0755,0.846857028,0.510184611,0.011161333,215.8355171,0.266600918,3,0.137933909,0.140385974,0.379363375,1502.968718,177391.5146,1.398470248,0.483449998,0.019375457,175.2407354,0.352068026,960.458601,153.7583298
3/8/2020,1.769,373.6,435.2,2562.3,230,10,0.10438716,0.154706342,0.563492171,2561.739227,145213.1296,0.738652944,0.503084083,0.011267471,215.4621868,0.267253692,3,0.123259332,0.138163023,0.398846762,1536.386306,162156.9387,1.240503263,0.475387319,0.019988622,175.0525868,0.353158317,963.4287355,153.7172176
3/9/2020,1.905,377.4,378.5,2543.1,230,10,0.116230609,0.14688649,0.529475813,2542.537041,150811.8409,0.815028121,0.476733826,0.010538271,214.8508419,0.266571365,3,0.133036772,0.132250484,0.381174001,1566.366727,163636.1703,1.302142995,0.453528446,0.01834858,172.7578784,0.356515487,1015.797944,150.6660061
3/10/2020,1.921,396.2,372.9,2438.9,230,10,0.118912537,0.14840391,0.524223033,2438.31505,155780.1085,0.859913737,0.484770647,0.010882596,215.1053276,0.267133707,3,0.138312332,0.133540507,0.374003063,1481.896034,171977.7061,1.404203374,0.459947745,0.018751962,172.8242158,0.357351731,950.7012223,150.6743186
3/11/2020,1.977,379,380.3,2464.6,230,10,0.123533479,0.145687803,0.513414847,2464.003397,159750.7838,0.888379655,0.475356634,0.011054601,215.1133841,0.267351419,3,0.141776039,0.132047069,0.367965649,1513.0938,175083.8246,1.420495478,0.454105489,0.018858347,173.0777266,0.356439397,982.4558196,151.0189439
3/12/2020,1.933,391.8,392.7,2417.4,230,10,0.120211937,0.149624936,0.523567791,2416.795321,159528.268,0.879771277,0.489942271,0.011391099,215.4230517,0.267681932,3,0.140612321,0.134974291,0.370937803,1459.996188,178139.8629,1.447988545,0.465637653,0.019504809,173.7696466,0.355952588,932.1227129,151.9017613
3/13/2020,1.709,386.6,356.1,2397.2,230,10,0.103823285,0.143000558,0.544969632,2396.692823,140300.1099,0.761967839,0.468513691,0.011074007,214.2208238,0.268859102,3,0.123891966,0.127553127,0.389704015,1416.479166,155884.2515,1.297879902,0.44087107,0.019416822,170.5061922,0.364514307,875.150911,147.8417156
3/14/2020,1.666,371.3,364.5,2402.9,230,10,0.100957285,0.140700321,0.548306445,2402.407201,137761.065,0.742889698,0.461219124,0.011396369,214.0613711,0.26960324,3,0.120777646,0.125639501,0.392474664,1412.14609,153329.2647,1.271888376,0.43450299,0.01998975,170.3620245,0.365460154,865.356986,147.7402033
3/15/2020,1.662,375.1,330.9,2451.7,230,10,0.099956875,0.137963881,0.546708443,2451.234917,132520.3898,0.717436158,0.44997449,0.010451046,213.3821605,0.268538099,3,0.117751687,0.122812531,0.396818233,1464.314448,143794.1325,1.200884906,0.423217314,0.018496254,168.4464699,0.367960525,910.9661069,145.338593
3/16/2020,1.918,336.9,324.2,2438.5,230,10,0.122796279,0.12695277,0.486975298,2437.982584,152116.8016,0.884216972,0.414336933,0.010961352,213.3651165,0.269465459,3,0.138021042,0.11643339,0.360600816,1511.725278,160995.6599,1.369476954,0.399947679,0.018372987,168.291017,0.366767296,988.7582842,145.0691177
3/17/2020,1.854,355.7,323.6,2367.3,230,10,0.118289739,0.130210777,0.498190618,2366.785024,149984.7543,0.87062792,0.426853416,0.011150096,213.5212624,0.269862702,3,0.135975589,0.118434905,0.364702918,1438.529946,161882.378,1.396632086,0.408461089,0.018832271,168.3185734,0.368058454,921.3310442,145.0871707
3/18/2020,1.87,338.5,301,2364,230,10,0.121002145,0.122808623,0.481581684,2363.504894,149570.6018,0.887925743,0.402347951,0.011020921,212.8168713,0.270501344,3,0.137120322,0.112519486,0.358537775,1451.230514,158482.5801,1.39233822,0.387553541,0.018409435,166.383863,0.371557282,939.3456723,142.6758129
3/19/2020,1.926,336.3,305.4,2357.8,230,10,0.125631812,0.122679475,0.473310055,2357.285462,154709.9383,0.924598821,0.402158664,0.011181696,213.0405424,0.27051275,3,0.1418017,0.112906231,0.352255673,1454.55042,163954.489,1.438036475,0.388828431,0.018503447,166.9432737,0.370228916,948.438494,143.3493461
3/20/2020,1.602,323.1,319.8,2297.6,230,10,0.101410515,0.121011581,0.516099999,2297.168114,133786.6142,0.770531094,0.399145848,0.012131062,212.2638032,0.273324067,3,0.120051718,0.109475286,0.37924779,1339.87074,146525.2464,1.300175549,0.379719535,0.020748632,165.3772568,0.378185164,813.2174356,141.6351436
3/21/2020,1.599,337.9,284.2,2359.3,230,10,0.09972474,0.120576418,0.518992425,2358.892343,127362.0973,0.732679768,0.395130359,0.010770139,211.5605095,0.271888383,3,0.116264194,0.108453732,0.386880117,1402.175535,135585.3166,1.209306708,0.374563352,0.018703706,163.3308006,0.38041493,865.9215743,139.0149186
3/22/2020,1.795,336.7,251.6,2342.1,230,10,0.116785364,0.115198995,0.474855783,2341.659983,140076.6471,0.851706001,0.376950484,0.010172871,211.3614886,0.270876241,3,0.131344949,0.105305696,0.362109815,1441.084678,144668.4922,1.32310181,0.362371933,0.017136587,162.1593454,0.379852316,931.5558041,137.4054383
3/23/2020,1.651,336.4,254.9,2288.9,230,10,0.10624151,0.114836263,0.49363192,2288.491616,131541.8606,0.792525079,0.377446738,0.010603211,210.9841448,0.272592095,3,0.122558484,0.103944489,0.373342771,1368.104044,138236.4944,1.283923077,0.359271215,0.018177316,161.2378075,0.385281233,853.6319498,136.3086622
3/24/2020,1.627,337.2,255.3,2240.6,230,10,0.105389273,0.114247009,0.493325013,2240.19258,131849.0018,0.800344219,0.376796417,0.010920182,210.9671242,0.273437075,3,0.122844299,0.103355007,0.371780467,1323.245001,140015.454,1.317309065,0.358123875,0.018657126,161.0178084,0.387104907,815.529485,136.0695435
3/25/2020,1.523,330,229.7,2264.4,230,10,0.097227654,0.109492149,0.502302405,2264.042047,120195.8278,0.727958573,0.360137993,0.010295022,209.6124176,0.274182227,3,0.113166183,0.098497084,0.384492486,1333.455503,125088.6897,1.200241217,0.340895305,0.017903969,157.6354332,0.395050536,812.7816827,132.0027964
3/26/2020,1.719,339.8,263.1,2292.2,230,10,0.111352446,0.116769033,0.487024313,2291.766194,137501.969,0.830500244,0.383785901,0.010699431,211.5096471,0.271944872,3,0.127833951,0.106056295,0.366924391,1380.076931,144957.2141,1.332712346,0.366376178,0.018200314,162.5628628,0.381442056,870.8204315,137.8901515
3/27/2020,1.536,340.6,237.5,2261,230,10,0.097680364,0.112947842,0.507281595,2260.629031,122067.4189,0.733276794,0.371692823,0.010341304,210.1351539,0.273572829,3,0.114406862,0.101370242,0.384763793,1327.662902,128317.1061,1.219626612,0.351029618,0.018017162,158.8987533,0.392130675,807.8522047,133.5109864
3/28/2020,1.572,316.4,209.9,2184.7,230,10,0.10422544,0.102274074,0.471735557,2184.340235,125562.0367,0.797748403,0.337805638,0.010507159,208.9529032,0.275859552,3,0.120089779,0.093020203,0.368084406,1290.705083,129374.9307,1.292298928,0.322431666,0.017868436,155.4666762,0.400370074,793.3731551,129.3157588
3/29/2020,1.628,289.2,223.2,2257.5,230,10,0.108051431,0.098934586,0.460271271,2257.135784,128466.3121,0.811229297,0.325585048,0.010845408,208.9784404,0.27597735,3,0.121834083,0.091074253,0.362966241,1361.776659,130054.2452,1.268819643,0.314583497,0.018159255,156.2159119,0.397723266,856.3768171,130.2957475
3/30/2020,1.644,328,181.6,2167.3,230,10,0.110920057,0.100667873,0.453368229,2166.932905,129287.3446,0.843090177,0.332066533,0.009625954,208.5808467,0.274627373,3,0.125788573,0.091870549,0.359744736,1302.202711,130653.6677,1.329981305,0.317855746,0.016342143,153.884681,0.400496074,817.8307187,127.2226766
3/31/2020,1.66,308.8,194,2178,230,10,0.112499446,0.098187901,0.446702324,2177.630042,131501.6903,0.857197624,0.324035565,0.010214433,208.6408046,0.275616494,3,0.127014828,0.090247389,0.355507606,1312.49979,132714.331,1.341468028,0.312203034,0.01709467,154.4266368,0.400413696,827.3788542,127.9712885
4/1/2020,1.636,296.5,186.4,2156.8,230,10,0.111761092,0.094039391,0.439235513,2156.44432,129871.1602,0.857042734,0.310715945,0.010344212,207.9820375,0.27691224,3,0.125981721,0.086744941,0.353814244,1296.547175,130187.2635,1.338408299,0.300275112,0.017223825,152.7681758,0.404737114,814.3938107,126.005419
4/2/2020,1.593,323.3,147.8,2120.6,230,10,0.10902451,0.09420278,0.441622205,2120.264777,123908.1804,0.83218533,0.310986679,0.008942858,206.9552275,0.275643104,3,0.122994652,0.086036193,0.360151257,1270.989206,122408.723,1.305063532,0.297782682,0.015308282,149.2793295,0.410176133,794.0149458,121.6303425
4/3/2020,1.789,320.1,146.2,2172.3,230,10,0.124740128,0.093999351,0.413376046,2171.921789,137724.2012,0.930212357,0.308939715,0.00858785,207.792473,0.272790535,3,0.136443069,0.087209306,0.342055686,1352.679493,133579.3768,1.381459715,0.300276878,0.014369107,151.4283129,0.398658127,885.7660252,124.0325381
4/4/2020,1.665,290.9,137.6,2109.1,230,10,0.117313786,0.085365139,0.40678592,2108.765383,129723.5392,0.895825015,0.281833064,0.009122511,206.0705789,0.277012287,3,0.129289747,0.079535821,0.344610716,1288.692208,124343.7087,1.349503686,0.274796093,0.015144816,147.191207,0.413516519,823.9127349,119.1890723
4/5/2020,1.601,279.7,139.9,2150.9,230,10,0.111247568,0.0838059,0.415972452,2150.588561,122778.6549,0.838926119,0.276031412,0.009135202,205.4226923,0.277523444,3,0.122328544,0.077937938,0.35355511,1311.859047,116604.3307,1.263312999,0.268958281,0.015277021,146.0765037,0.416998761,833.1935738,117.984926
4/6/2020,1.857,277.5,142.3,2132.7,230,10,0.133580309,0.083070553,0.375395421,2132.320969,145883.8849,1.01218951,0.273859269,0.009352925,206.950824,0.27596232,3,0.144047827,0.079064631,0.323335172,1343.669318,138033.6602,1.459664442,0.272259389,0.014973016,149.536599,0.404397527,892.8675943,121.8747854
4/7/2020,1.753,266.3,144.7,2094.4,230,10,0.125926595,0.080503673,0.38143873,2094.047356,139190.448,0.971565739,0.266291708,0.009899493,206.2201234,0.278566068,3,0.137469811,0.076381207,0.328925639,1295.108188,132239.4758,1.432244274,0.263843549,0.015861964,147.7948604,0.412999058,841.9207088,119.9458191
4/8/2020,1.71,302.1,126.1,2110.2,230,10,0.121156164,0.086293494,0.401077207,2109.856487,132311.2103,0.918032347,0.284483505,0.008517397,206.1410526,0.275289794,3,0.132562775,0.080429087,0.341683282,1301.519586,126024.1118,1.366272106,0.277493046,0.014215214,147.0173896,0.410112665,841.6543954,118.8525666
4/9/2020,1.646,292.8,84.5,2039,230,10,0.119749885,0.077611549,0.379265378,2038.694481,126620.7559,0.912427042,0.256129524,0.007345654,203.5014559,0.275506352,3,0.129700066,0.072684324,0.340906814,1255.392883,116914.583,1.34064989,0.250853697,0.012529939,139.7981547,0.41864324,807.7907341,110.2805669
4/10/2020,1.822,266.6,89.9,2045.7,230,10,0.136080547,0.072477648,0.341351815,2045.358981,142923.3193,1.036287929,0.239162228,0.007886797,204.1607948,0.276024945,3,0.144450898,0.069850327,0.317041877,1296.385075,129493.6238,1.45864397,0.240432574,0.012742403,141.7041885,0.412461859,865.1058704,112.4981415
4/11/2020,1.538,280.4,69.2,2035.5,230,10,0.111579158,0.072848412,0.38178846,2035.233724,116280.6751,0.844591171,0.240112107,0.0067983,201.3129992,0.275789765,3,0.120403124,0.068079734,0.351831758,1243.015644,104899.6598,1.240984721,0.23488662,0.011885394,134.6191726,0.427863686,787.5711248,104.4076273
4/12/2020,1.794,293.2,94.6,2012.3,230,10,0.133169717,0.07860631,0.359529076,2011.946996,142050.101,1.029459259,0.260108865,0.007908781,205.0790817,0.275656671,3,0.143751523,0.07448844,0.322062365,1255.300106,132315.1384,1.492122198,0.257199674,0.013043695,143.519964,0.411945378,825.1421237,114.5551335
4/13/2020,1.71,272,52,2009,230,10,0.12933025,0.068303415,0.336987307,2008.703141,132193.2432,0.974417693,0.224932511,0.006083889,201.4246061,0.272040882,3,0.13589025,0.06548201,0.327575067,1267.104543,117135.5026,1.36146597,0.225189328,0.010473208,134.3719632,0.411667265,836.8910716,103.9175482
4/14/2020,1.466,270.7,69.3,1964.4,230,10,0.107449705,0.06985967,0.380725723,1964.147347,113076.9125,0.838078301,0.231541716,0.007286456,200.3996964,0.279743358,3,0.117768062,0.065131702,0.352597714,1171.398097,102644.7881,1.264520872,0.225711241,0.012733264,132.3727177,0.441039902,722.2512534,101.9399665
4/15/2020,1.523,269.4,82.7,1950.8,230,10,0.112347546,0.071192973,0.375337803,1950.525735,119917.9166,0.888052289,0.236523872,0.00805018,201.7307759,0.280982847,3,0.123699972,0.066675455,0.343259526,1165.115817,110380.7288,1.343636294,0.231336219,0.013694786,135.5962217,0.438605393,723.2995409,105.6270625
4/16/2020,1.559,252.1,83,2019.2,230,10,0.114463041,0.068292191,0.36561861,2018.930857,120131.92,0.880461807,0.225772842,0.007932355,201.3135059,0.27996533,3,0.123472921,0.064746168,0.341993931,1232.995065,107637.8918,1.287444393,0.223672276,0.013296125,135.1743768,0.435303074,782.688276,105.2034366
4/17/2020,1.695,274.8,86.4,1969.5,230,10,0.126827396,0.073013804,0.354795533,1969.180735,134931.9503,0.994443938,0.242225038,0.008022665,203.4564613,0.278372994,3,0.137470664,0.069245703,0.325541315,1211.428386,124373.2831,1.455322764,0.239609961,0.013325083,139.6270211,0.4229836,782.1729963,110.0615263
4/18/2020,1.812,253.6,57.8,1945.9,230,10,0.140974056,0.064211846,0.308281031,1945.574455,145813.8924,1.093169181,0.21259773,0.006904821,202.0225697,0.275717764,3,0.14821953,0.062748158,0.307399688,1234.557402,128803.5355,1.514551909,0.216280809,0.011346175,135.8075872,0.414675136,825.1113342,105.5627078
4/19/2020,1.528,239.3,57.2,1901.3,230,10,0.116839202,0.06078691,0.335886145,1901.045805,121003.3658,0.925624813,0.202031557,0.007318462,198.9134825,0.281854641,3,0.125900788,0.058206132,0.33340186,1148.788145,106810.2334,1.352192428,0.201716359,0.012408794,128.8065292,0.443388292,721.5872891,97.94625948
4/20/2020,1.644,267,55.6,1930.7,230,10,0.125535831,0.066775072,0.337632125,1930.410461,130109.9663,0.979971054,0.221351851,0.006722042,201.0082416,0.276729616,3,0.134282039,0.06369849,0.327115179,1189.747596,116467.6757,1.409866993,0.22021905,0.011525079,133.2038611,0.425371302,767.1153036,102.6265886
4/21/2020,1.521,240.7,76,1959.1,230,10,0.113506057,0.064220553,0.354586062,1958.842285,119097.9653,0.890912278,0.213092592,0.008074502,200.1610365,0.282325937,3,0.122979744,0.061114537,0.339293876,1182.59592,106024.534,1.312786329,0.211660357,0.013521934,132.2948458,0.444373058,741.1290448,101.9637048
4/22/2020,1.637,235.4,69.3,1890.5,230,10,0.126508797,0.061362665,0.321984607,1890.213128,133115.4622,1.014766369,0.204387304,0.008157554,200.6479479,0.282618483,3,0.136229916,0.059418832,0.31820523,1155.506953,118091.9111,1.468411992,0.205996076,0.013291109,132.874942,0.439224133,739.8506398,102.516484
4/23/2020,1.574,243.1,58.7,1913.9,230,10,0.120456653,0.061908939,0.333116341,1913.63389,124865.2543,0.949872598,0.205592402,0.007284842,199.6276876,0.280583439,3,0.12925749,0.059417038,0.329546075,1166.633358,110256.0732,1.375266983,0.205709864,0.012286378,130.4051503,0.438194913,741.3036186,99.67121499
4/24/2020,1.57,215.8,47.1,1855.2,230,10,0.123668888,0.053955475,0.302245248,1854.946149,127161.6846,0.989626424,0.179641425,0.007221158,197.564625,0.283270941,3,0.131678052,0.05290323,0.320183905,1132.485142,109454.5096,1.41122902,0.183298107,0.011990404,125.6686187,0.444229148,720.9901874,94.50586116
4/25/2020,1.766,204.5,55.5,1851.6,230,10,0.141705473,0.052394746,0.271978755,1851.297517,148521.7322,1.142785106,0.174677861,0.008016867,199.6773654,0.283188861,3,0.149423018,0.052799201,0.295216617,1163.55887,126710.242,1.579431594,0.182670386,0.012529989,130.5944202,0.433888883,770.3922211,99.91393392
4/26/2020,1.543,219.3,33.9,1838,230,10,0.122516313,0.052821666,0.298939053,1837.756024,124694.9734,0.975863394,0.175724691,0.006301563,196.354679,0.280667548,3,0.129806386,0.05173949,0.323283841,1121.00753,107391.8749,1.38550511,0.179189291,0.010836367,122.5962464,0.437317325,711.7430306,91.07862657
4/27/2020,1.559,233,68.3,1861.4,230,10,0.120373683,0.060456928,0.328918409,1861.130573,127056.54,0.977575879,0.201796162,0.008322529,199.8087966,0.284676975,3,0.13100091,0.05816981,0.324177208,1117.445445,113267.0734,1.444290021,0.202127994,0.01367986,130.8710177,0.448249758,700.188171,100.3540788
4/28/2020,1.675,218.7,45.7,1877.8,230,10,0.132802846,0.054512019,0.290168881,1877.522968,136487.2823,1.050283445,0.181121374,0.006948998,198.6668268,0.280237887,3,0.139741089,0.053983918,0.310350662,1171.379819,117242.0339,1.461434188,0.186554027,0.011429929,128.1116409,0.430451388,765.8160066,97.05687405
4/29/2020,1.752,194.4,40,1876.2,230,10,0.141548766,0.048413969,0.258866102,1875.917862,145447.466,1.113665056,0.160712321,0.006881069,197.906051,0.280288379,3,0.146670777,0.049496475,0.297204618,1194.123433,121242.1105,1.499172896,0.170610593,0.010989136,126.6944317,0.425025662,798.5333223,95.53352655
4/30/2020,1.628,200.1,56.4,1797.5,230,10,0.130584936,0.051263462,0.28301876,1797.226848,137440.5575,1.079596218,0.171618681,0.008500319,198.2550562,0.287601562,3,0.140229752,0.050999505,0.304660778,1094.917153,118353.7216,1.546941014,0.177222943,0.013446066,127.2825345,0.451494265,699.6564095,96.39636478
5/1/2020,1.524,195.8,59.8,1829.9,230,10,0.119907415,0.051181684,0.300594575,1829.655528,125261.7984,0.981704861,0.171069013,0.008631103,197.1550566,0.289119123,3,0.129344365,0.050434804,0.319201881,1098.801761,107328.829,1.427024317,0.175262624,0.013851122,125.2589566,0.46240632,687.0031935,94.29285294
5/2/2020,1.661,196.5,44.2,1813.3,230,10,0.134365729,0.0490086,0.269589601,1813.029123,139340.2013,1.090909409,0.163575801,0.007536434,197.4623738,0.284821526,3,0.141989497,0.049362399,0.302323986,1122.946074,117816.8674,1.521672801,0.171029117,0.012039191,125.3959888,0.441712628,729.5713156,94.2241749
5/3/2020,1.697,193.2,65.6,1777.7,230,10,0.137113238,0.050789808,0.272773679,1777.404231,147217.586,1.152165458,0.170481159,0.00942977,199.3176869,0.288766648,3,0.147712929,0.050984519,0.293617051,1087.83367,127078.7256,1.647598629,0.177363329,0.014464335,129.8597113,0.451347735,701.7352277,99.31045905
5/4/2020,1.513,171,52,1763.1,230,10,0.122179698,0.04441928,0.272293426,1762.865253,128032.0124,1.023248002,0.149018006,0.008973604,195.1279986,0.29325955,3,0.131722183,0.044710614,0.310082711,1053.414888,106903.9203,1.480862053,0.155656307,0.014136899,120.901515,0.474675609,655.9889245,89.64699173
5/5/2020,1.41,206.7,70.4,1746.5,230,10,0.110822539,0.054179416,0.325017617,1746.26323,119123.3906,0.949024049,0.182399679,0.009688076,197.3329595,0.293424035,3,0.124339297,0.052051677,0.326048322,997.0338614,107137.9925,1.479929778,0.182157888,0.015781628,125.5028842,0.479531689,590.0576793,94.74534691
5/6/2020,1.506,186.4,59.7,1828.9,230,10,0.118588778,0.049182828,0.296345587,1828.663448,123744.7738,0.971890718,0.164415735,0.008828457,196.4766252,0.290535235,3,0.127802053,0.048729876,0.319646603,1096.397169,104916.0184,1.410343113,0.16934193,0.014068911,123.9496769,0.467579939,683.4120918,92.93150762
5/7/2020,1.603,184.1,71.1,1769.2,230,10,0.128510041,0.049633526,0.282043012,1768.927788,138626.2741,1.090278934,0.16685307,0.010101457,198.3788876,0.291820223,3,0.139986701,0.049521457,0.301313122,1061.325441,120067.9247,1.594280533,0.172616534,0.015554879,128.0790309,0.463969611,668.328409,97.44910388
5/8/2020,1.399,196.8,67.5,1712.6,230,10,0.1112971,0.051473337,0.314562367,1712.367649,119769.3805,0.965553327,0.17363399,0.009920524,196.4874517,0.295465605,3,0.125137442,0.049728729,0.322249173,971.4698356,106999.7333,1.510424825,0.174236636,0.016049247,123.6616937,0.486928817,571.4744353,92.81448534
5/9/2020,1.575,175.5,65.9,1731,230,10,0.127745602,0.046893899,0.273033307,1730.736679,137880.5447,1.097994607,0.157962282,0.010186911,197.2792592,0.293933178,3,0.139512089,0.047044498,0.299552644,1030.219242,118264.5454,1.612838063,0.16420962,0.015638586,125.5961958,0.47234591,643.3503832,94.80591956
5/10/2020,1.732,195.2,71.3,1729.4,230,10,0.141558487,0.051545985,0.2684799,1729.083372,154940.3075,1.21947228,0.173693035,0.010092498,200.1351175,0.289712834,3,0.15392885,0.051659594,0.285420992,1052.07686,135787.1312,1.764680793,0.180180188,0.015338466,131.6848477,0.452330822,677.6057606,101.3493763
5/11/2020,1.568,191.9,53.7,1776.8,230,10,0.126127477,0.04907647,0.282144237,1776.5441,132415.0948,1.050280558,0.164490065,0.008575434,197.0041686,0.289698674,3,0.135953957,0.048823661,0.308360434,1069.985077,113159.9778,1.518737505,0.169871203,0.013654355,124.6082832,0.461177729,673.9480997,93.5212372
5/12/2020,1.384,187.6,34,1676.2,230,10,0.11353121,0.044919805,0.2841327,1675.988261,117280.6795,0.970901122,0.151194649,0.007592798,192.6141618,0.293392665,3,0.124522802,0.04409816,0.321638732,963.9284896,101017.5875,1.464922195,0.154166844,0.012846135,114.7219621,0.480690033,573.5812549,83.0604875
5/13/2020,1.521,174.4,31.4,1691.6,230,10,0.126975627,0.041932067,0.252480043,1691.364567,131757.1992,1.073478758,0.140885018,0.007443324,193.4811549,0.290616331,3,0.136003716,0.042494988,0.304069618,1011.913927,110589.7855,1.540123315,0.14804502,0.012161114,116.655168,0.461364158,632.3121835,85.00681895
5/14/2020,1.377,180.1,51.8,1671.9,230,10,0.111945554,0.045681596,0.291446127,1671.683342,118422.9296,0.976279,0.154218358,0.00933609,193.8880144,0.297778631,3,0.124836091,0.044744017,0.319067943,947.8960461,102811.2998,1.508703938,0.156788265,0.015164357,117.9401184,0.496322062,556.556279,86.68174344
5/15/2020,1.553,154.8,69.2,1646.3,230,10,0.128632558,0.042480019,0.255536717,1646.038095,142739.7813,1.153976056,0.144004425,0.011704055,196.2845043,0.299146991,3,0.142664023,0.043150112,0.289674215,960.3894178,122093.356,1.730302551,0.151248078,0.017424932,123.6065628,0.489017377,589.7093662,92.90691557
5/16/2020,1.67,142.5,57.6,1700.7,230,10,0.138864309,0.038573553,0.228291362,1700.428218,152018.2121,1.205184882,0.130127129,0.010727802,195.9821861,0.296712223,3,0.149470431,0.040631289,0.280736849,1036.397862,123663.9473,1.702638803,0.141630873,0.015587809,123.0464581,0.474617899,666.1960071,92.09659261
5/17/2020,1.626,154.2,67,1686.1,230,10,0.134268785,0.042236225,0.247582005,1685.826431,148045.4657,1.18108005,0.14276963,0.011244525,196.8791504,0.296851168,3,0.146682432,0.043413123,0.285732445,1007.998957,124598.2262,1.719055278,0.151720749,0.016578017,124.9335817,0.477887588,635.3827743,94.22001748
5/18/2020,1.382,125.9,35.4,1679.5,230,9,0.115028283,0.032454771,0.233563398,1679.31268,119647.0542,0.983884744,0.109241959,0.00905434,188.6325476,0.30167778,3,0.12398398,0.034107997,0.312072578,979.8884793,93663.54638,1.425508572,0.118994917,0.014005372,107.9542155,0.505530596,590.8271155,76.51372635
5/19/2020,1.559,157.6,54.7,1680.9,230,10,0.129191037,0.041375036,0.249952231,1680.648459,139170.38,1.125480223,0.1396574,0.010091384,195.2320514,0.296884923,3,0.140641899,0.042313619,0.293991561,998.1196824,116139.9046,1.641044063,0.147820247,0.015307386,121.0938591,0.481891399,622.037836,90.03379211
5/20/2020,1.715,155.3,56.1,1665.2,230,10,0.144376318,0.040801887,0.228221193,1664.906113,158785.4863,1.268236165,0.137893014,0.010410217,197.0243745,0.295081377,3,0.155893789,0.04256568,0.274949891,1015.317906,131995.2471,1.800759831,0.148565245,0.015256144,124.9456791,0.467049521,655.5182173,94.08884098
5/21/2020,1.471,121.1,63.5,1665.6,230,10,0.121094318,0.034922735,0.238551177,1665.378125,133576.6723,1.078612345,0.118264227,0.012420529,192.8351565,0.304996352,3,0.133641639,0.036592727,0.295735839,966.5161654,108067.8172,1.601291258,0.128131778,0.018028625,116.9062348,0.512007378,585.7085399,85.93695375
5/22/2020,1.328,146.8,28.9,1627,230,10,0.111471798,0.035662947,0.250616525,1626.81414,115004.5119,0.968056288,0.120319661,0.008089495,188.4230195,0.299682068,3,0.121926875,0.036192817,0.317965967,925.48964,94464.40539,1.452874922,0.126671374,0.013321311,106.8356044,0.502523482,542.5468562,75.3030937
5/23/2020,1.464,120.5,31.3,1588.4,230,10,0.126313345,0.030272914,0.206279874,1588.188705,135175.8214,1.120692556,0.10245949,0.00933889,189.1349134,0.302914472,3,0.136841018,0.032459362,0.291485347,930.3050926,106319.2106,1.621062964,0.11354691,0.01410536,108.5390214,0.499859769,569.5563059,77.1324736
5/24/2020,1.481,130.2,30.7,1586.8,230,10,0.127915629,0.032154794,0.211892726,1586.580625,136468.6721,1.134159347,0.108818299,0.0089776,190.0253761,0.300968732,3,0.138559562,0.034071246,0.290883466,931.173662,109197.2975,1.642906774,0.119194875,0.013762929,110.076102,0.492603358,571.9722572,78.60899318
5/25/2020,1.377,141.9,36.1,1587.2,230,10,0.116895273,0.035311811,0.240777436,1586.997398,123521.0924,1.043283261,0.119616136,0.009307899,189.8062168,0.30306216,3,0.129073692,0.03612053,0.305120569,900.9548526,101629.2032,1.577639138,0.126689581,0.014667936,109.587169,0.511035333,531.2114656,78.21574572
5/26/2020,1.353,111.6,33.4,1552.6,230,9,0.116561757,0.028678064,0.211894884,1552.41257,124645.2037,1.055349163,0.097343468,0.010170937,186.7690494,0.309203219,3,0.12876161,0.030501331,0.299794412,876.4237405,98114.64565,1.587441713,0.107056056,0.015378336,104.1990391,0.529276502,513.5541981,73.07840486
5/27/2020,1.59,118.3,28.8,1576.9,230,10,0.139417159,0.029300692,0.186226588,1576.658865,152046.1367,1.239827795,0.099202409,0.009167975,190.6793987,0.300416071,3,0.14942821,0.032226777,0.275400565,949.8367221,118814.8631,1.740424393,0.112564212,0.013471831,111.5185786,0.479515465,602.9922782,80.10309606
5/28/2020,1.546,114,50.2,1575.3,230,10,0.132403801,0.03122443,0.205184521,1575.059368,148336.0379,1.212826938,0.106158643,0.012094554,192.076227,0.306097079,3,0.145720465,0.033583859,0.277403664,922.7425204,117861.4078,1.775967295,0.117764319,0.017182032,114.8881567,0.509500084,569.7266071,83.79877467
5/29/2020,1.462,111.8,42.6,1602.7,230,10,0.124351959,0.029998731,0.2096716,1602.488473,135448.7883,1.114334923,0.101677536,0.01103557,189.830373,0.306590865,3,0.135968856,0.032284985,0.290513639,932.835018,105500.4592,1.628309038,0.113042801,0.016060487,110.3751944,0.516487632,567.6050379,79.14185088
5/30/2020,1.439,109.5,24,1498.1,230,10,0.128289813,0.026727855,0.18567493,1497.89172,139214.2568,1.175514336,0.090874883,0.009216787,186.8807598,0.306194416,3,0.140228555,0.029158651,0.283642165,863.0515774,109711.9265,1.724534093,0.102322811,0.013938821,104.0889144,0.504185015,521.3803578,72.91622301
5/31/2020,1.315,131.2,22.4,1554.5,230,10,0.11359088,0.031270732,0.226322552,1554.31872,118099.171,1.010771349,0.105881646,0.008052622,186.0843712,0.302988474,3,0.124777286,0.032397806,0.309877306,874.5442675,96461.72513,1.524655377,0.113629572,0.013143344,102.2863142,0.506526564,508.2547681,70.97660735
6/1/2020,1.431,79.9,36.7,1483.9,230,9,0.126039214,0.022281861,0.169370946,1483.69781,143743.5205,1.193456954,0.076092279,0.012908808,186.0282644,0.316838756,3,0.140489356,0.025414208,0.276323491,842.4170168,107118.1722,1.777474341,0.089383911,0.017670955,103.370124,0.54740946,502.7139676,72.60557514
6/2/2020,1.528,78.6,58.1,1500.3,230,10,0.131846154,0.024692836,0.178237769,1500.06421,158353.5131,1.278856351,0.084584662,0.016118064,190.2490043,0.314949394,3,0.148831971,0.027879664,0.264601341,857.0395201,121282.4183,1.917389097,0.098189991,0.021170876,111.8781911,0.543213397,518.9625374,81.20912206
6/3/2020,1.664,95.3,33.5,1498.6,230,10,0.149077369,0.024772488,0.157327923,1498.335503,172148.4007,1.391297413,0.084436432,0.011390042,190.6838489,0.306787408,3,0.161881998,0.028495019,0.255167072,902.4399156,130379.9475,1.957977545,0.099856546,0.015518476,112.0300276,0.495543128,577.8825301,80.90223061
6/4/2020,1.52,99,17,1488,230,10,0.138254334,0.023581665,0.159541328,1487.778658,152767.8172,1.2585344,0.08010501,0.008436168,186.5491108,0.302885326,3,0.148718624,0.026917407,0.272306651,881.6303219,118419.6564,1.779843269,0.094243522,0.012611331,103.5633648,0.475693772,550.5185328,72.38041695
6/5/2020,1.411,95.1,35,1509.2,230,10,0.123616818,0.025284562,0.186720517,1509.000188,136807.8406,1.148253696,0.08612741,0.011473076,186.7049476,0.312699429,3,0.136964156,0.027879816,0.284476027,857.4056385,104910.7861,1.7124713,0.097964973,0.016451518,104.33089,0.535569094,509.9795616,73.37547559
6/6/2020,1.602,81.2,23,1512.5,230,10,0.144255063,0.020634718,0.141828105,1512.267063,165470.8644,1.317135536,0.070123909,0.010214262,187.3926521,0.307296744,3,0.154984529,0.024883381,0.261778921,914.2337252,120730.1253,1.820671113,0.086981093,0.013928254,105.7245168,0.487572324,584.7171476,74.59306232
6/7/2020,1.633,97.3,31.9,1471.7,230,10,0.14748873,0.02492714,0.158677091,1471.439259,169785.9005,1.389942065,0.085073072,0.01121633,190.1636574,0.307477015,3,0.160873623,0.028423228,0.256069081,877.0454512,129847.9159,1.978663262,0.09974305,0.015473273,110.8686216,0.499306884,555.9127542,79.78548985
6/8/2020,1.384,68.4,10.9,1493.9,230,9,0.126057799,0.016742967,0.134685228,1493.727554,140889.9941,1.127044744,0.056729951,0.008135033,179.8128828,0.306863079,3,0.135251525,0.020778092,0.28594615,873.0458922,103536.7583,1.585692546,0.072618,0.011928923,92.4149492,0.47244815,532.4254746,62.1676681
6/9/2020,1.274,67.5,38.9,1459.2,230,9,0.111054052,0.020146406,0.174196964,1459.033744,126393.5003,1.071204285,0.068962881,0.014456438,182.009165,0.326828014,3,0.1273208,0.022874786,0.290346594,783.3694736,93200.67381,1.689258673,0.080735858,0.019852158,96.52669566,0.598763945,436.6268457,66.42690139
6/10/2020,1.225,83.6,35.9,1467.4,230,9,0.106690749,0.023122407,0.195624065,1467.240529,116848.9535,1.013760485,0.078998288,0.012570458,181.9981267,0.323375354,3,0.122204559,0.025083264,0.301307174,778.791008,89638.8473,1.623450015,0.088538608,0.018385094,96.18666624,0.591640975,425.7803495,65.99714726
6/11/2020,1.456,88.7,2.9,1428.6,230,10,0.137597227,0.019617763,0.139310208,1428.395456,154551.2317,1.24913602,0.066614552,0.006006951,182.1425305,0.29126183,3,0.146770818,0.023232888,0.2742802,841.3090464,128752.9494,1.756727669,0.081344021,0.010034488,95.52864856,0.409785548,521.1277589,64.8466504
6/12/2020,1.387,69.8,39.8,1460.8,230,9,0.12185265,0.020596602,0.165115824,1460.607489,141558.3377,1.17692208,0.070515681,0.014454396,184.7303912,0.322016424,3,0.137892821,0.02374444,0.276612449,811.8337469,104185.264,1.793279203,0.083684457,0.019390433,101.2526834,0.571437548,473.834183,70.77132268
6/13/2020,1.437,82.9,29.8,1400.1,230,10,0.131046979,0.021755771,0.158909962,1399.887277,150425.451,1.277541945,0.074570584,0.012189591,185.3703249,0.31730356,3,0.147025248,0.024727699,0.267113043,786.3598415,114460.415,1.928352955,0.087203786,0.016966932,101.824998,0.54458198,467.2350419,71.2368303
6/14/2020,1.468,84,2.8,1468.3,230,10,0.137552099,0.018766615,0.135537089,1468.100446,154974.8504,1.221985234,0.063528049,0.005814964,181.9533125,0.288461185,3,0.145252984,0.022737249,0.276658557,876.8211957,126881.9306,1.685371747,0.079391188,0.009651369,95.45011171,0.399285039,549.6771759,64.73761306
6/15/2020,1.299,79.1,15.8,1431.5,230,9,0.118338046,0.01949002,0.157747197,1431.332441,129473.0397,1.103351653,0.066422715,0.00924391,179.7444062,0.314709582,3,0.131042276,0.022363316,0.290332419,794.3929498,98494.244,1.66101619,0.078664878,0.013930313,91.90586411,0.525511023,458.6790033,61.83478013
6/16/2020,1.35,82.2,6.8,1416.8,230,9,0.126080872,0.018888957,0.145816568,1416.621731,139361.1849,1.160263178,0.064260556,0.007128156,179.6712508,0.302262932,3,0.13701999,0.022078841,0.284354764,806.0633616,111715.9258,1.693544348,0.077510007,0.011481848,91.5197183,0.459441394,479.3982315,61.35271691
6/17/2020,1.32,105.2,20.8,1447,230,9,0.118676732,0.025361081,0.189721605,1446.81679,127435.8834,1.108768134,0.086455021,0.009162048,183.6520983,0.311186126,3,0.132169983,0.027299331,0.292192062,799.9332539,101710.3099,1.697328441,0.096123188,0.014294873,98.15356486,0.528041762,460.6742758,67.4051906
6/18/2020,1.311,81.3,50.7,1462.2,230,9,0.113572799,0.024440903,0.196313209,1462.014444,130667.1856,1.107339478,0.083775594,0.01510147,185.849678,0.321565592,3,0.131198963,0.026580004,0.286379477,783.542604,102304.3659,1.773179101,0.093933985,0.021116202,103.3396049,0.582588569,438.1041037,72.91708174
6/19/2020,1.202,96.4,24.7,1460.5,230,9,0.105915008,0.024264118,0.200765134,1460.345386,112322.7979,0.989171176,0.082711425,0.01004583,180.7969157,0.318158411,3,0.12009818,0.025847181,0.307930299,777.221741,88438.01438,1.574847766,0.091150306,0.015653025,93.58979889,0.567113748,424.4977882,63.38908769
6/20/2020,1.113,104.5,11.7,1379.7,230,9,0.100909589,0.023893376,0.202748708,1379.558563,105387.6606,0.959692153,0.081641816,0.008004967,176.8335265,0.315330965,3,0.116475778,0.024833283,0.313148977,702.65381,89263.27083,1.599272594,0.087854571,0.013699431,86.34015787,0.549792893,364.8336222,57.04249539
6/21/2020,1.124,64.6,31.7,1403.9,230,9,0.099096446,0.018659043,0.177831171,1403.76389,109618.4186,0.969061484,0.063980594,0.013795087,176.6438578,0.334695216,3,0.116710515,0.020745088,0.304168863,707.3194242,82097.24633,1.63212056,0.073479247,0.019833451,87.57473803,0.642394965,363.7534698,58.66038763
6/22/2020,1.134,90.7,34.7,1352.2,230,9,0.10166998,0.02400374,0.205147473,1352.046262,111905.8959,1.020172189,0.082562463,0.012924408,180.2823563,0.329050631,3,0.121759023,0.025007753,0.297625985,666.9811519,92211.91112,1.78439609,0.088832885,0.019565679,92.9373889,0.623875279,338.7955299,63.49557846
6/23/2020,1.165,61.8,50.6,1347.4,230,9,0.102907394,0.020319444,0.185748729,1347.241371,122205.5116,1.070173091,0.070175166,0.018131878,180.8427181,0.335429564,3,0.125674203,0.022168677,0.284908301,657.4411663,97550.91527,1.895338902,0.078877102,0.025008971,94.84321316,0.651619927,333.1802575,65.69487427
6/24/2020,1.256,90.9,43.6,1384.6,230,9,0.111845804,0.025223011,0.199906939,1384.418056,127032.5541,1.118709824,0.086723679,0.014071624,184.5330438,0.323451066,3,0.131392222,0.026728067,0.285197163,717.1435243,103103.8992,1.863554655,0.094755647,0.020374264,100.4776906,0.594638854,387.9826523,70.317043
6/25/2020,1.207,90,48.6,1387.9,230,9,0.106409222,0.025735694,0.21062876,1387.727304,121174.8138,1.069664975,0.088538474,0.014832368,184.2138922,0.325327642,3,0.126816839,0.026924328,0.290664921,701.8111076,100005.571,1.834349109,0.095566529,0.021628767,100.1154461,0.608085786,368.5171177,70.12585516
6/26/2020,1.257,84.1,27.6,1402.1,230,9,0.113146353,0.021914321,0.178502159,1401.93071,124762.7471,1.095520501,0.075050214,0.011635682,181.3411548,0.322496332,3,0.129380869,0.024055962,0.289945779,746.4775969,96547.53432,1.74528457,0.085002922,0.017091614,94.63738618,0.578273034,413.375291,64.62148513
6/27/2020,1.188,94.2,6.6,1379.3,230,9,0.109938869,0.021237286,0.175564578,1379.148285,117266.6841,1.032728001,0.072449289,0.00710592,176.7011879,0.307208428,3,0.123480723,0.023109412,0.302949044,732.9590388,99122.29466,1.628514649,0.081529167,0.012157897,86.18166797,0.495789933,401.4704199,56.79991105
6/28/2020,1.319,89.3,26.5,1345.5,230,9,0.121828283,0.022538747,0.171169078,1345.307883,136799.862,1.211776709,0.077443109,0.011606166,182.9538816,0.320982162,3,0.139644427,0.024685309,0.275110283,720.4987823,108328.5028,1.928450155,0.087364246,0.016997144,97.27662822,0.566756663,406.3137657,67.11944207
6/29/2020,1.09,55.4,14.5,1344.8,230,9,0.100177999,0.014575727,0.144740366,1344.676312,109694.9591,0.971530754,0.049927766,0.01077893,170.3081089,0.3340169,3,0.116691615,0.017089487,0.304478329,678.1279054,81859.55457,1.614142236,0.060488281,0.016018645,78.06010701,0.603980064,349.1528571,50.75283821
6/30/2020,1.34,90.5,49.5,1338,230,10,0.121511055,0.025656599,0.190046184,1337.788264,143560.9802,1.254661971,0.088537454,0.01539533,186.8509943,0.321572894,3,0.143315902,0.027347664,0.267543738,700.0887319,118653.7297,2.08089509,0.09709128,0.021657433,104.9291274,0.581660254,388.5143351,74.73659541
7/1/2020,1.251,78.6,9.5,1297.2,230,9,0.119787357,0.018218749,0.146406733,1297.030083,133217.3758,1.180483473,0.062529829,0.008656298,177.0208052,0.316730072,3,0.136061472,0.020694822,0.279460408,688.8902187,108111.6886,1.868443258,0.073214273,0.013655749,87.20437079,0.523279215,383.658524,58.10118334
7/2/2020,1.062,57.7,31.5,1290.5,230,9,0.096541156,0.017025564,0.168937624,1290.368297,109317.5624,1.002313164,0.058788718,0.015448969,173.729434,0.344668815,3,0.119070046,0.018759421,0.293040466,604.8717156,85413.83572,1.834931219,0.066825463,0.022125782,83.23840762,0.690769957,290.9793208,55.65358756
7/3/2020,1.013,73.8,34.4,1373.7,230,9,0.088851364,0.020816434,0.206508486,1373.578595,96118.81945,0.883538397,0.071523018,0.013820794,175.1385091,0.338879925,3,0.108693689,0.021830559,0.315893826,645.3294654,77112.89222,1.619075656,0.077619916,0.020966247,85.20190403,0.678541958,303.5002128,56.97972432
7/4/2020,1.044,46.9,18.4,1292.9,230,9,0.096285494,0.013287643,0.140158675,1292.781869,107419.7237,0.971301194,0.0457322,0.013128858,168.3080381,0.346657474,3,0.116257916,0.015636272,0.299481135,619.8697909,79471.03213,1.713120528,0.055561139,0.018786543,75.6393759,0.668124567,303.3379445,49.30700606
7/5/2020,1.074,84,34.4,1277.2,230,9,0.098290408,0.022411764,0.199748473,1277.053975,109666.0653,1.026386934,0.077436308,0.013942182,177.8405356,0.336092138,3,0.121732826,0.023205224,0.291733197,595.752461,92758.45118,1.910099539,0.082740797,0.021095539,89.12295383,0.661066819,286.6784464,60.60525729
7/6/2020,0.985,63.1,47.4,1295.4,230,9,0.087347357,0.020144392,0.206088598,1295.275061,100469.8226,0.926550303,0.069720257,0.017923091,175.681206,0.34567654,3,0.112822711,0.020981746,0.299722413,565.3837782,85769.365,1.857124223,0.074989771,0.026265316,86.66097508,0.717842497,249.39037,59.07163428
7/7/2020,1.076,72.2,11.4,1286.6,230,9,0.101138077,0.017333793,0.160965517,1286.468961,109081.2741,1.004195827,0.059546259,0.009431456,171.3166146,0.328481743,3,0.119503103,0.019050818,0.299832442,631.3319523,89162.13052,1.731979365,0.067627941,0.015191749,78.88018882,0.58860845,317.8420945,51.52862904
7/8/2020,1.147,78.3,42.4,1328.9,230,9,0.103004617,0.022483788,0.19593063,1328.74159,117604.6919,1.061078056,0.077568114,0.015280992,180.6460019,0.33259587,3,0.125081267,0.023786745,0.288599543,647.3917599,96451.49449,1.88485217,0.084630397,0.022176335,94.02146325,0.640346846,327.0089429,64.78719814
7/9/2020,0.937,42.4,13.3,1251.1,230,9,0.087416302,0.011788442,0.137062904,1251.002136,95244.03119,0.886504266,0.040597241,0.01216766,161.6179335,0.353584266,3,0.108751752,0.013729039,0.309263795,563.3446449,73573.32242,1.674718098,0.048904184,0.018228376,67.40498489,0.689388197,254.2457446,43.57495729
7/10/2020,1.068,54.5,1.3,1248.3,230,9,0.10452354,0.012586705,0.12340607,1248.175975,119282.0267,1.022592345,0.043161342,0.00690315,165.466677,0.307596403,3,0.121217041,0.015078992,0.297650426,623.9017242,105732.3168,1.709011951,0.053437614,0.012040496,71.46312085,0.463371929,321.1254897,45.88109126
7/11/2020,1.319,54.6,20.3,1281.5,230,9,0.125118684,0.014729697,0.122708094,1281.316698,149083.4406,1.281354048,0.050783283,0.01319011,178.079592,0.330628582,3,0.144405796,0.018034694,0.262641825,684.4309656,108732.0398,2.020931718,0.063882078,0.017665432,89.81395828,0.583508816,387.8325718,60.78184114
7/12/2020,1.15,76.6,41.3,1307.8,230,9,0.104167888,0.021939453,0.190775143,1307.639764,119614.3232,1.08372835,0.075773471,0.015431768,180.3015493,0.333566033,3,0.126926279,0.023288019,0.284739972,634.262261,98263.59262,1.934330379,0.082907504,0.022311277,93.46319826,0.64343799,320.0962179,64.36018292
7/13/2020,0.94,56.7,21.3,1286,230,9,0.08547246,0.015639998,0.17237572,1285.896442,91399.44536,0.86830292,0.053872102,0.013030577,166.7860064,0.351009018,3,0.107055498,0.016960263,0.313175228,573.7319585,72631.46692,1.669049037,0.060453529,0.019941756,73.52677071,0.717101173,254.923373,47.98944835
7/14/2020,0.971,70.8,18.2,1305.2,230,9,0.088435504,0.018023071,0.184378643,1305.088995,93118.20619,0.882338139,0.061949892,0.011095457,169.269693,0.340479132,3,0.108402409,0.019092868,0.315364591,601.2572041,75873.96495,1.639254975,0.067943376,0.017770168,76.38542352,0.668319271,277.0935886,49.84366093
7/15/2020,1.042,60.9,19.2,1304.5,230,9,0.095739232,0.01618219,0.161726161,1304.378157,104058.8772,0.959073518,0.055648881,0.011998267,170.5803965,0.340441588,3,0.115277287,0.017990354,0.303320827,624.7649827,80745.51232,1.701209508,0.06393156,0.018113519,78.37647917,0.65440197,304.5028315,51.3333624
7/16/2020,1.193,79,10.2,1245.7,230,9,0.115501323,0.018247145,0.150134113,1245.536589,128223.5827,1.172670681,0.06284818,0.009196817,175.4793274,0.322836096,3,0.134425541,0.020288226,0.278384225,635.1951739,106328.4301,1.945426064,0.072014297,0.014567294,84.76727609,0.553248201,339.9510417,56.32176856
7/17/2020,0.984,33.1,1.2,1300.9,230,9,0.094632471,0.008507856,0.098998215,1300.804507,112148.7674,0.883965547,0.029002267,0.006904243,157.7869482,0.305924006,3,0.109186027,0.011610196,0.318860643,651.2769554,93833.20306,1.462303515,0.041004804,0.011535517,63.84658233,0.435885042,328.5449327,40.57376861
7/18/2020,0.954,57.2,38.2,1217.2,230,9,0.087384463,0.017637335,0.186349178,1217.080434,100097.0099,0.955066188,0.061232679,0.017740755,171.7023677,0.35437721,3,0.115416253,0.018525482,0.290128159,509.6796945,86380.40167,1.995298788,0.066357252,0.025909718,80.62955772,0.751653171,217.7491701,54.45139396
7/19/2020,1.245,32.3,38.1,1239.4,230,9,0.113983723,0.012477657,0.121454303,1239.227782,149533.9522,1.263078597,0.043379059,0.022160669,176.8425556,0.346522348,3,0.141055282,0.015667383,0.255963763,610.0337813,107295.0534,2.19252583,0.055836366,0.026634807,88.6319365,0.680214891,320.9406088,60.54970104
7/20/2020,0.856,42.4,9.1,1241.6,230,9,0.079957114,0.011333959,0.141678478,1241.517165,84600.58961,0.800787801,0.038975241,0.010554289,156.188208,0.352719289,3,0.101308782,0.012855267,0.322422603,535.4938805,69214.84123,1.590292098,0.045837867,0.017017115,61.60454582,0.681830682,226.0744964,39.88829887
7/21/2020,1.007,60.5,17.1,1230.9,230,9,0.094938351,0.015660247,0.15755552,1230.779419,103779.9071,0.985111576,0.054070918,0.012096675,168.5769014,0.345041271,3,0.117443556,0.017182463,0.295466809,563.5770219,83790.08865,1.83937993,0.061260092,0.01848426,75.53568915,0.675262975,264.1850653,49.55638351
7/22/2020,1.217,40.6,20.1,1197.1,230,9,0.117415112,0.011879309,0.109634224,1196.935236,144280.2774,1.265537344,0.041183524,0.015609261,173.208283,0.34447687,3,0.141327448,0.014962407,0.25942352,598.897563,104336.2633,2.141000916,0.053250133,0.020108959,82.71241407,0.642107944,319.2524392,55.36852978
7/23/2020,1.208,28.7,28.1,1267.3,230,9,0.110331601,0.010535901,0.109031626,1267.146828,141409.1491,1.182808632,0.036505736,0.019996344,173.2712293,0.351288857,3,0.134745087,0.01405815,0.266615764,632.3088834,95671.88524,2.003317274,0.049979204,0.02359292,83.1125043,0.678525399,333.745949,55.59768446
7/24/2020,0.899,73.8,15.1,1180.6,230,9,0.085259612,0.017775627,0.184970914,1180.492811,90231.10084,0.905822298,0.061532149,0.011226343,165.8418316,0.349325187,3,0.111155547,0.018175903,0.301223338,491.8096193,81003.50842,1.890392409,0.065058548,0.018531645,71.68190787,0.711981314,206.8479677,47.16160301
7/25/2020,0.99,53.9,45,1214.8,230,9,0.090474488,0.017834298,0.184421167,1214.670691,107381.7675,1.003406275,0.062006728,0.019593134,173.9733149,0.351754606,3,0.119557918,0.018900618,0.282608375,513.4407545,92693.8417,2.07941635,0.067718418,0.027818595,84.16348596,0.741843233,223.9192523,57.43766063
7/26/2020,0.84,44,16,1237,230,9,0.077188364,0.012469947,0.157704853,1236.916517,81147.44136,0.793590469,0.043011372,0.013052023,158.323479,0.365571589,3,0.100857636,0.013677622,0.318905047,510.8808855,66099.8256,1.66106741,0.048885722,0.020273922,63.86515083,0.769465863,205.5077242,41.71682482
7/27/2020,0.955,32.8,40,1176.1,230,9,0.087512928,0.013028774,0.153226286,1175.983431,107354.3814,0.998143378,0.045420577,0.022852958,168.4349681,0.3670595,3,0.119267724,0.01464752,0.276140723,474.9817337,89144.34873,2.160210095,0.052567085,0.030685017,76.70724055,0.805529345,198.683439,51.86023945
7/28/2020,0.81,60.7,9,1213.2,230,9,0.075512771,0.014740579,0.177608465,1213.117644,77317.53429,0.771726766,0.050808794,0.00976301,157.4942758,0.350531114,3,0.099208071,0.015228244,0.32399708,491.3320505,70192.46096,1.656264826,0.054462271,0.017012737,62.37794903,0.703700543,192.8208047,40.71551079
7/29/2020,1.105,59.5,26,1243.2,230,9,0.103474739,0.016529684,0.155218385,1243.056328,118180.1075,1.090243434,0.057168336,0.014452957,173.9051363,0.342445014,3,0.12661031,0.018430553,0.281363123,591.5315492,92617.1777,1.960592978,0.065670858,0.020655199,83.27607947,0.669988698,293.2745382,55.71544679
7/30/2020,0.82,29.4,36,1182.3,230,9,0.073887458,0.0119545,0.163973759,1182.212341,85862.82421,0.832651659,0.041628111,0.022493211,161.398682,0.383551562,3,0.106143341,0.013082203,0.293125963,429.8684042,75415.22993,2.024167441,0.047039987,0.031591149,68.11403172,0.886716698,155.1686022,46.08708267
7/31/2020,0.935,60.2,17,1159.4,230,9,0.08981733,0.015413649,0.161418071,1159.287428,97974.32104,0.96995913,0.053447176,0.012714759,165.5651919,0.35383431,3,0.116510183,0.01639894,0.289928025,490.1183106,84000.16881,1.985526384,0.058703437,0.019808767,71.71372688,0.725254033,212.4780652,47.36377092
8/1/2020,0.75,63.1,16,1170.5,230,9,0.069501008,0.015886763,0.199238311,1170.422038,70678.37274,0.742184747,0.055023385,0.012160717,157.4536013,0.36867068,3,0.098086975,0.015712922,0.316318038,424.9650888,67787.14422,1.815155642,0.056437212,0.020734297,62.65641411,0.81954825,148.6859709,41.9485436
8/2/2020,0.885,26.9,1,1161.5,230,9,0.08858077,0.007157194,0.090358948,1161.41355,106759.0286,0.888613254,0.02461693,0.00785303,150.527777,0.318358489,3,0.109951775,0.009479439,0.307400708,519.5270821,96841.26649,1.688834423,0.033762021,0.013279178,56.92724301,0.482607051,234.4099134,37.45082521
8/3/2020,0.74,58.8,21,1155.6,230,9,0.06847663,0.015659478,0.200477641,1155.522171,70667.56418,0.746467234,0.05435171,0.014030605,157.9508147,0.37579062,3,0.099136716,0.01546406,0.309603861,404.0989771,68768.93553,1.906575163,0.05562104,0.023221958,63.50483435,0.862377066,137.0637405,42.97459732
8/4/2020,0.995,24.6,41,1178.7,230,9,0.090396187,0.011466523,0.138016986,1178.577675,116045.6952,1.043717722,0.040019501,0.025489504,168.7465835,0.368631878,3,0.122940851,0.013577208,0.26990914,485.4356291,92293.85447,2.20581721,0.048707722,0.032300972,77.23844932,0.803993881,209.2330206,52.23588313
8/5/2020,0.99,20.5,22,1220.8,230,9,0.090448654,0.008275936,0.10634416,1220.693134,111559.8951,0.980166903,0.028707214,0.020511294,162.4237379,0.37490233,3,0.117226818,0.011111705,0.286499014,541.1942857,77159.15408,1.885722173,0.039669752,0.024820747,69.04116725,0.774308471,246.6289004,45.17968105
8/6/2020,1.045,46.3,32,1185.8,230,9,0.098144743,0.014628129,0.149399076,1185.664827,116509.8078,1.086433874,0.050850052,0.018167735,171.4784819,0.354395315,3,0.126096868,0.016400326,0.273722655,525.3506462,93406.77876,2.119399827,0.058672126,0.024974436,80.29886991,0.731780756,243.7017483,54.01540228
8/7/2020,1,35.2,50,1181.9,230,9,0.09117824,0.014742862,0.163272633,1181.769003,115719.3524,1.052795222,0.051454521,0.024415805,172.7716895,0.358745028,3,0.123853752,0.016323216,0.269775979,484.9122617,99076.54563,2.250914912,0.058588623,0.032560379,82.95276149,0.770193768,208.4225687,56.92057898
8/8/2020,0.875,57,9,1128,230,9,0.085563757,0.013782725,0.15287132,1127.900662,91659.82836,0.91970167,0.047768717,0.0105904,159.6692227,0.352682352,3,0.112623133,0.01462541,0.294687508,460.1734602,83184.5704,1.954631134,0.052396161,0.017600557,64.71344723,0.699365184,191.0066371,42.64612246
8/9/2020,0.97,54.8,43,1125.1,230,9,0.092016717,0.01752429,0.17809284,1124.966353,110944.2084,1.06954585,0.061198914,0.020080265,172.7174442,0.356084438,3,0.125617988,0.018315195,0.266942662,451.0541496,101367.3897,2.35275703,0.065813446,0.028624871,82.52256765,0.761689628,190.8679717,56.68487062
8/10/2020,0.985,26.7,34,1131.2,230,9,0.092242572,0.01096583,0.129302879,1131.077618,116377.5835,1.075160041,0.038304841,0.02355992,166.6634245,0.371242051,3,0.125605278,0.012962435,0.264596446,461.5484409,92815.48574,2.291989808,0.04653314,0.030241067,74.41644243,0.812639965,198.915934,50.20230212
8/11/2020,0.72,61.5,32,1179.2,230,9,0.064979897,0.017573608,0.226947078,1179.122165,68665.73572,0.715252223,0.061054845,0.016356881,161.5086545,0.375825183,3,0.09687842,0.017027739,0.311532005,395.8763268,70230.49411,1.92342131,0.061311457,0.026661706,67.93546024,0.877001332,127.3601097,46.29150171
8/12/2020,1.035,19.4,36,1213.3,230,9,0.092684205,0.009735468,0.120871735,1213.176921,121196.6823,1.051439803,0.03392236,0.025836129,168.0265851,0.370282413,3,0.123290099,0.012466892,0.272466949,525.3573024,88124.91888,2.090922678,0.044618274,0.030771396,76.15930722,0.792785328,237.807689,50.92098751
8/13/2020,1.01,36.2,4,1178.4,230,9,0.100441891,0.009248232,0.099484198,1178.287429,117835.88,1.025808538,0.031874976,0.009216877,160.2814214,0.331814821,3,0.121318886,0.011862044,0.29017474,558.1190187,96730.64466,1.823426381,0.042197626,0.014321429,66.08508791,0.541653686,273.2705292,42.78518456
8/14/2020,0.805,47.1,21,1206.5,230,9,0.073795457,0.013611207,0.174074132,1206.417616,77670.23175,0.782574184,0.047107312,0.014670207,159.0087787,0.372489628,3,0.100668033,0.014313798,0.313457366,466.1606304,67024.04579,1.775221339,0.051314117,0.022893729,64.68612575,0.826049432,174.7890498,42.85407654
8/15/2020,0.76,35.9,47,1201.5,230,9,0.067097937,0.01466585,0.203198059,1201.417727,77737.3627,0.75841859,0.05108425,0.023271831,163.6894901,0.37957732,3,0.100610392,0.015073911,0.300398696,405.0403002,76428.047,2.020828793,0.054296836,0.034367723,71.32681795,0.891762849,132.4613662,49.00702915
8/16/2020,0.855,23.8,20,1186.6,230,9,0.078770184,0.008842654,0.123336181,1186.514892,89939.87647,0.853820984,0.030673798,0.018679275,156.1305511,0.386440629,3,0.106955612,0.010734372,0.29897325,473.2788262,68838.4379,1.856846478,0.03845686,0.025196047,62.13974266,0.845455415,187.9871531,41.16977543
8/17/2020,1.05,20.6,8,1170.7,230,9,0.102986629,0.006488956,0.07489553,1170.582843,130082.0374,1.083936431,0.022439623,0.01381683,160.1648018,0.35698703,3,0.126622643,0.009836078,0.278760986,560.0032492,91230.59692,1.905281932,0.034992723,0.017190173,66.76211435,0.612324188,280.356077,43.49099101
8/18/2020,1.025,28.5,39,1195.8,230,9,0.0934185,0.012005694,0.13824333,1195.672826,117990.1743,1.059605601,0.041832145,0.023618349,169.9353901,0.363990925,3,0.123958453,0.014203185,0.2717447,511.5465647,91927.96206,2.145450461,0.050877542,0.030120252,78.65218123,0.777620997,228.8861732,53.02587398
8/19/2020,0.92,54.3,27,1150.8,230,9,0.087217727,0.015522532,0.168104547,1150.687233,98020.11497,0.969324585,0.053980264,0.016126208,166.9154975,0.36130704,3,0.11685043,0.016404915,0.284098944,466.247098,84924.23097,2.089940709,0.058844575,0.024014753,73.95571769,0.77898191,194.276921,49.50236577
8/20/2020,0.675,65.2,25,1157.9,230,9,0.06123954,0.017292187,0.231856297,1157.82992,62445.39932,0.672555629,0.060063536,0.01459409,157.4328728,0.381123836,3,0.093869016,0.016427006,0.314894552,369.5519397,66548.97886,1.917043583,0.059201889,0.024845624,63.31198652,0.90567273,112.0144625,43.53540232
8/21/2020,0.77,36,43,1137,230,9,0.070171947,0.014057245,0.189562566,1136.913323,82039.15187,0.816972849,0.049098432,0.023188436,162.6493837,0.38238834,3,0.106690559,0.014454688,0.284831454,374.6818675,82468.72506,2.227980812,0.052129168,0.034003978,69.96419768,0.902106457,124.5864014,48.41320755
8/22/2020,0.705,33.8,2,1192.1,230,9,0.066761443,0.008830015,0.13464573,1192.04239,71268.16498,0.659035435,0.030312311,0.007897835,141.269486,0.335113651,3,0.08983223,0.009740043,0.341539578,461.4065213,70941.459,1.498481939,0.034832939,0.014838378,49.43427802,0.59592262,165.8378892,34.27668712
8/23/2020,0.82,56.7,17,1170.2,230,9,0.076985962,0.014830697,0.176819651,1170.111317,80767.93725,0.824609348,0.051382056,0.012876877,160.0165808,0.36508878,3,0.104625286,0.015287136,0.306402681,453.9021614,72446.29156,1.863098827,0.054825379,0.020845657,65.40267575,0.789443376,174.0204612,43.33350307
8/24/2020,0.675,50.5,46,1111.2,230,9,0.061546235,0.017084823,0.233661877,1111.123332,69806.50474,0.724493723,0.059731663,0.021571811,162.0615494,0.384112867,3,0.101441511,0.01637679,0.286228227,318.1423754,83668.14016,2.328834359,0.059213593,0.03395767,69.69534685,0.923255041,92.22791908,49.19446345
8/25/2020,1.01,46.4,4,1183.3,230,9,0.099990992,0.011243329,0.11623366,1183.184142,113909.2149,1.021963992,0.038754561,0.008690609,162.2749476,0.328321767,3,0.120809502,0.013471711,0.29163239,557.1201406,97268.19192,1.8321391,0.047947695,0.014156647,67.87048846,0.545029802,270.7387895,43.89605412
8/26/2020,0.905,54.2,19,1180.4,230,9,0.085535707,0.014602053,0.162238839,1180.296299,92982.83326,0.917044961,0.050594853,0.013607598,164.0421571,0.358610422,3,0.111973788,0.015630185,0.296623367,490.9928539,78453.60603,1.910211264,0.055954094,0.020910032,70.02062499,0.752648921,206.7066737,46.1795406
8/27/2020,0.9,57.1,38,1158.5,230,9,0.083884277,0.017448168,0.189534018,1158.386175,96380.88139,0.946810065,0.060767434,0.018337057,169.6438362,0.360564863,3,0.115502239,0.017947453,0.283648391,451.8109533,88355.30195,2.143859715,0.064470403,0.027186962,77.9597447,0.787750653,180.6841208,52.93819327
8/28/2020,0.775,44.9,34,1137.5,230,9,0.071562837,0.01462899,0.189047966,1137.413661,79739.08221,0.814324526,0.050988099,0.019340505,161.5266015,0.380038178,3,0.105690033,0.014879745,0.2911211,390.2833359,77678.98695,2.121937176,0.053596694,0.029319783,68.12099644,0.885712351,133.9591919,46.60901822
8/29/2020,0.89,65.8,5,1159.6,230,9,0.086553847,0.015016354,0.161312523,1159.498754,92187.35852,0.904641788,0.051889057,0.008655155,160.7335424,0.337204633,3,0.110951623,0.015791599,0.303127136,490.9011496,86945.96896,1.84204843,0.056462567,0.015289457,65.48861593,0.621483764,210.0080634,42.66658503
8/30/2020,0.645,22.6,2,1088.7,230,9,0.063336857,0.006527162,0.111507382,1088.649087,69148.70548,0.65671412,0.022534797,0.009095304,132.5498931,0.353199276,3,0.092730726,0.007228124,0.32135595,372.027625,74172.04645,1.742979212,0.025976777,0.016656458,44.61590234,0.657863278,120.1451487,34.33981083
8/31/2020,0.68,29.5,20,1095.8,230,9,0.063572508,0.009939931,0.156454365,1095.736538,66695.50076,0.718728668,0.034623603,0.018155318,147.3723721,0.409735758,3,0.099262277,0.010321485,0.294858998,339.510884,66547.39677,2.098989589,0.037236987,0.028035689,54.30307358,0.991274111,103.7405906,39.105288
9/1/2020,0.615,64.3,19,1177.8,230,9,0.05477416,0.016409717,0.24114675,1177.742246,53276.03268,0.586499519,0.056850706,0.012955153,151.4968434,0.386786748,3,0.08614127,0.015295837,0.331238737,359.2400056,58838.94188,1.769248036,0.05513493,0.023278483,57.61828539,0.931567709,99.21599742,40.29881053
9/2/2020,0.65,59.2,46,1100.9,230,9,0.059361264,0.018619541,0.251270297,1100.824843,66784.05709,0.701059204,0.065116019,0.02053356,162.4574508,0.382793367,3,0.100318641,0.017487857,0.286109753,302.5393101,84588.1528,2.365788469,0.063271959,0.03304584,70.17633711,0.921310417,84.67045939,49.72108042
9/3/2020,0.825,36,10,1129,230,9,0.079962686,0.009988548,0.128125248,1128.916313,86812.97556,0.85761512,0.034610801,0.012498988,153.1190956,0.369322343,3,0.107693801,0.011276091,0.299281864,444.8357532,74393.57992,1.892653239,0.040418403,0.019468733,58.71029673,0.757761268,175.6367866,39.28810674
9/4/2020,0.84,60.8,3,1104.1,230,9,0.083377414,0.013693246,0.154746944,1104.005747,89500.00477,0.893014226,0.047440966,0.008452046,156.3639585,0.339203832,3,0.11070871,0.014282477,0.297661955,440.4462912,90453.51765,1.94555671,0.051194505,0.015315858,60.95482861,0.623002741,178.2271529,40.38372733
9/5/2020,0.875,29.7,11,1090.2,230,9,0.086506886,0.008785391,0.109264569,1090.105532,98631.72965,0.956902123,0.03053741,0.014253587,154.5873611,0.373924355,3,0.116240376,0.010484105,0.282352006,437.2039117,80963.32911,2.066325099,0.03759725,0.020614343,60.37177565,0.764205623,180.9035084,40.47624651
9/6/2020,0.79,58.5,6,1140.2,230,9,0.076063127,0.013753103,0.166864264,1140.117772,79095.75324,0.803052736,0.047575835,0.009356381,154.5636489,0.350751432,3,0.103006361,0.01411666,0.310778048,439.7408394,77076.97155,1.822700588,0.050614543,0.016702048,59.36623362,0.694994994,167.2353435,39.48792919
9/7/2020,0.765,36.4,21,1085.3,230,9,0.073104117,0.011319299,0.15319423,1085.219358,79723.47661,0.83472232,0.039465117,0.017426916,154.3544604,0.390761328,3,0.107823505,0.011929035,0.285125272,370.9365864,74653.35615,2.172384569,0.042973106,0.02632531,60.24350461,0.911869942,128.8508349,41.63144138
9/8/2020,0.86,61.2,38,1122.4,230,9,0.081061596,0.018106282,0.198137019,1122.289781,92835.27826,0.932852365,0.063173899,0.018265658,168.7277246,0.363449521,3,0.115200383,0.018196018,0.279876006,414.6308895,90127.30843,2.248317046,0.065480515,0.02763766,76.81738358,0.807408629,158.0481318,52.49120473
9/9/2020,0.875,15.1,40,1097.5,230,9,0.080160274,0.00939469,0.132245803,1097.397086,105458.6303,0.979861541,0.03295127,0.030103733,161.8560245,0.38993364,3,0.120143653,0.011083654,0.264635888,383.9984166,92937.62398,2.479959722,0.039957927,0.03797506,69.05699505,0.909144985,138.0995656,47.1648504
9/10/2020,0.71,44.9,41,1102.5,230,9,0.065489243,0.015412438,0.209253792,1102.420042,74177.5586,0.770460891,0.053881936,0.021485704,160.8933602,0.386240287,3,0.104490538,0.015142239,0.283015037,332.8671367,82803.21228,2.323563423,0.054705175,0.033044765,68.01850614,0.92524624,102.4281619,47.72024655
9/11/2020,0.645,58.8,40,1114.6,230,9,0.058642633,0.017836489,0.246051447,1114.528719,63857.1366,0.6803512,0.062278641,0.019189504,160.143862,0.386540598,3,0.097697898,0.016761479,0.293631679,312.61025,78116.29429,2.244783039,0.060605782,0.031343627,67.27282263,0.937035025,87.2733716,47.47745644
9/12/2020,0.76,37.6,4,1063.7,230,9,0.076137317,0.009480862,0.125963771,1063.624511,82584.13552,0.827743751,0.032897647,0.009932287,146.654442,0.358366002,3,0.106613723,0.010277486,0.295981554,389.9991392,82425.25725,1.989650022,0.036926003,0.017164079,53.04006346,0.695170344,144.1887111,37.04060544
9/13/2020,0.835,40.5,3,1104.8,230,9,0.083517397,0.009958009,0.121715142,1104.713429,92851.09329,0.884144804,0.034457539,0.008948146,151.6432934,0.340960004,3,0.10998473,0.011223843,0.298655021,447.4406105,88608.19864,1.88958848,0.040192367,0.015492917,57.11588722,0.610045699,183.3293006,38.24986331
9/14/2020,0.53,59.3,42,1060.9,230,9,0.048041598,0.017880444,0.279623561,1060.843525,51956.88794,0.578235052,0.062633539,0.020423135,155.0731708,0.403869609,3,0.095158126,0.016105454,0.275522214,222.731998,84154.93701,2.63950128,0.058461365,0.034409815,62.94809241,1.026152927,50.21529748,46.54543248
9/15/2020,0.745,27.2,23,1128.9,230,9,0.069001238,0.009882045,0.14785948,1128.827488,75647.14172,0.775071196,0.034400701,0.019500038,152.1352764,0.399693666,3,0.102380667,0.010777975,0.295409975,383.6387621,68214.79687,2.030860529,0.038806917,0.028482941,58.38150081,0.945979123,128.5186134,40.42177045
9/16/2020,0.52,45,9,1072,230,9,0.04799664,0.011362054,0.205439487,1071.958358,44450.7527,0.527846729,0.039470975,0.011869147,133.735878,0.413035445,3,0.086055543,0.010292084,0.31029582,264.1498168,60519.29247,2.047403078,0.037244948,0.022519523,45.22210918,1.013838343,62.1796875,37.20622903
